sample,monotonic_ns,frequency_khz
1,1001665428980411,2601000
2,1001665434154686,2601000
3,1001665439251525,2601000
4,1001665444337104,2601000
5,1001665449416832,2601000
6,1001665454502485,2601000
7,1001665459579240,2601000
8,1001665464744719,2601000
9,1001665469845715,2601000
10,1001665474935657,2601000
11,1001665480024069,2601000
12,1001665485104565,2601000
13,1001665490198099,2601000
14,1001665495291474,2601000
15,1001665500383924,2601000
16,1001665505475468,2601000
17,1001665510566334,2601000
18,1001665515661524,2601000
19,1001665520753187,2601000
20,1001665525845470,2601000
21,1001665530934819,2601000
22,1001665536051297,2601000
23,1001665541196664,2601000
24,1001665546309605,2601000
25,1001665551407397,2601000
26,1001665556499504,2601000
27,1001665561590621,2601000
28,1001665566684775,2601000
29,1001665571775725,2601000
30,1001665576867703,2601000
31,1001665582016978,2601000
32,1001665587169529,2601000
33,1001665592264646,2601000
34,1001665597358975,2601000
35,1001665602443556,2601000
36,1001665607527635,2601000
37,1001665612618113,2601000
38,1001665617899480,2601000
39,1001665623011477,2601000
40,1001665628096177,2601000
41,1001665633179341,2601000
42,1001665638272828,2601000
43,1001665644036327,2601000
44,1001665649146037,2601000
45,1001665654224885,2601000
46,1001665659297965,2601000
47,1001665664371878,2601000
48,1001665669476124,2601000
49,1001665674627057,2601000
50,1001665679744146,2601000
51,1001665684844818,2601000
52,1001665689949360,2601000
53,1001665695046210,2601000
54,1001665700155345,2601000
55,1001665705293148,2601000
56,1001665710399709,2601000
57,1001665715479501,2601000
58,1001665720566016,2601000
59,1001665725649253,2601000
60,1001665730796871,2601000
61,1001665735978330,2601000
62,1001665741094855,2601000
63,1001665746185009,2601000
64,1001665751365210,2601000
65,1001665756608910,2601000
66,1001665761711389,2601000
67,1001665766799357,2601000
68,1001665771938317,2601000
69,1001665777071999,2601000
70,1001665782197930,2601000
71,1001665787303834,2601000
72,1001665792488350,2601000
73,1001665797619513,2601000
74,1001665802719982,2601000
75,1001665807815988,2601000
76,1001665812907799,2601000
77,1001665817998870,2601000
78,1001665823095904,2601000
79,1001665828189224,2601000
80,1001665833278387,2601000
81,1001665838379837,2601000
82,1001665843474177,2601000
83,1001665848565025,2601000
84,1001665853655559,2601000
85,1001665858745453,2601000
86,1001665863837449,2601000
87,1001665868930270,2601000
88,1001665874023304,2601000
89,1001665879113023,2601000
90,1001665884206380,2601000
91,1001665889295302,2601000
92,1001665894385900,2601000
93,1001665899476462,2601000
94,1001665904568533,2601000
95,1001665909657631,2601000
96,1001665914750479,2601000
97,1001665919839930,2601000
98,1001665924936862,2601000
99,1001665930026312,2601000
100,1001665935116373,2601000
101,1001665940207008,2601000
102,1001665945297357,2601000
103,1001665950385770,2601000
104,1001665955480164,2601000
105,1001665960569559,2601000
106,1001665965661037,2601000
107,1001665970751127,2601000
108,1001665975843197,2601000
109,1001665980933388,2601000
110,1001665986024560,2601000
111,1001665991113704,2601000
112,1001665996204691,2601000
113,1001666001295642,2601000
114,1001666006386749,2601000
115,1001666011489569,2601000
116,1001666016578863,2601000
117,1001666021670590,2601000
118,1001666026759466,2601000
119,1001666031856499,2601000
120,1001666036971551,2601000
121,1001666042113427,2601000
122,1001666047222294,2601000
123,1001666052309596,2601000
124,1001666057392426,2601000
125,1001666062554153,2601000
126,1001666067666464,2601000
127,1001666072797174,2601000
128,1001666077911791,2601000
129,1001666083054723,2601000
130,1001666088200497,2601000
131,1001666093297382,2601000
132,1001666098380498,2601000
133,1001666103492607,2601000
134,1001666108611964,2601000
135,1001666113784118,2601000
136,1001666119935249,2601000
137,1001666125063847,2601000
138,1001666130197843,2601000
139,1001666135361636,2601000
140,1001666140481772,2601000
141,1001666145577185,2601000
142,1001666150675987,2601000
143,1001666155818160,2601000
144,1001666160928397,2601000
145,1001666166046735,2601000
146,1001666171148842,2601000
147,1001666176245256,2601000
148,1001666181394354,2601000
149,1001666186504657,2601000
150,1001666191596236,2601000
151,1001666196689325,2601000
152,1001666201843654,2601000
153,1001666206956087,2601000
154,1001666212036342,2601000
155,1001666217120801,2601000
156,1001666222256511,2601000
157,1001666227353367,2601000
158,1001666232451624,2601000
159,1001666237542916,2601000
160,1001666242637431,2601000
161,1001666247727529,2601000
162,1001666252817499,2601000
163,1001666257908578,2601000
164,1001666263002676,2601000
165,1001666268092173,2601000
166,1001666273190993,2601000
167,1001666278282555,2601000
168,1001666283373959,2601000
169,1001666288472288,2601000
170,1001666293566433,2601000
171,1001666298660383,2601000
172,1001666303753166,2601000
173,1001666308844237,2601000
174,1001666313934039,2601000
175,1001666319025110,2601000
176,1001666324120143,2601000
177,1001666329209612,2601000
178,1001666334300052,2601000
179,1001666339393938,2601000
180,1001666344491676,2601000
181,1001666349587079,2601000
182,1001666354670566,2601000
183,1001666359806294,2601000
184,1001666364920263,2601000
185,1001666370084714,2601000
186,1001666375238590,2601000
187,1001666380335391,2601000
188,1001666385416000,2601000
189,1001666390498356,2601000
190,1001666395637826,2601000
191,1001666400778063,2601000
192,1001666405875041,2601000
193,1001666411306632,2601000
194,1001666416455027,2601000
195,1001666421615903,2601000
196,1001666426780242,2601000
197,1001666431909508,2601000
198,1001666437010995,2601000
199,1001666442114778,2601000
200,1001666447206941,2601000
201,1001666452298596,2601000
202,1001666457393499,2601000
203,1001666462485866,2601000
204,1001666467576399,2601000
205,1001666472665683,2601000
206,1001666477755401,2601000
207,1001666482844611,2601000
208,1001666487933996,2601000
209,1001666493022622,2601000
210,1001666498112045,2601000
211,1001666503199152,2601000
212,1001666508289713,2601000
213,1001666513378228,2601000
214,1001666518465576,2601000
215,1001666523546304,2601000
216,1001666528620736,2601000
217,1001666533692686,2601000
218,1001666538768969,2601000
219,1001666543839521,2601000
220,1001666548911740,2601000
221,1001666554403423,2601000
222,1001666559506670,2601000
223,1001666564585916,2601000
224,1001666569663792,2601000
225,1001666574844474,2601000
226,1001666579985953,2601000
227,1001666585116940,2601000
228,1001666590267242,2601000
229,1001666595382989,2601000
230,1001666600498263,2601000
231,1001666605641333,2601000
232,1001666610752968,2601000
233,1001666615841049,2601000
234,1001666620936555,2601000
235,1001666626076542,2601000
236,1001666631250132,2601000
237,1001666636368517,2601000
238,1001666641456356,2601000
239,1001666646548528,2601000
240,1001666651656831,2601000
241,1001666656804707,2601000
242,1001666661968110,2601000
243,1001666667140210,2601000
244,1001666672310892,2601000
245,1001666677405304,2601000
246,1001666682545477,2601000
247,1001666687675057,2601000
248,1001666692806294,2601000
249,1001666697955773,2601000
250,1001666703416678,2601000
251,1001666708513619,2601000
252,1001666713625208,2601000
253,1001666718717093,2601000
254,1001666723803313,2601000
255,1001666728888465,2601000
256,1001666733993037,2601000
257,1001666739089033,2601000
258,1001666744180890,2601000
259,1001666749274396,2601000
260,1001666754364966,2601000
261,1001666759457185,2601000
262,1001666764546857,2601000
263,1001666769634483,2601000
264,1001666774723025,2601000
265,1001666779812290,2601000
266,1001666784905193,2601000
267,1001666789995819,2601000
268,1001666795101787,2601000
269,1001666800203886,2601000
270,1001666805295929,2601000
271,1001666810387776,2601000
272,1001666815478337,2601000
273,1001666820574454,2601000
274,1001666825665701,2601000
275,1001666830754650,2601000
276,1001666835844675,2601000
277,1001666840937708,2601000
278,1001666846028037,2601000
279,1001666851117070,2601000
280,1001666856206168,2601000
281,1001666861297081,2601000
282,1001666866390855,2601000
283,1001666871479685,2601000
284,1001666876567144,2601000
285,1001666881654659,2601000
286,1001666886742424,2601000
287,1001666891866494,2601000
288,1001666896954795,2601000
289,1001666902045477,2601000
290,1001666907143224,2601000
291,1001666912232942,2601000
292,1001666917321308,2601000
293,1001666922409240,2601000
294,1001666927502921,2601000
295,1001666932595575,2601000
296,1001666937683959,2601000
297,1001666942773179,2601000
298,1001666947861091,2601000
299,1001666952948893,2601000
300,1001666958042028,2601000
301,1001666963140691,2601000
302,1001666968230039,2601000
303,1001666973325165,2601000
304,1001666978464199,2601000
305,1001666983604074,2601000
306,1001666988914683,2601000
307,1001666994029060,2601000
308,1001666999126121,2601000
309,1001667004220274,2601000
310,1001667009301197,2601000
311,1001667014431443,2601000
312,1001667019597950,2601000
313,1001667024704224,2601000
314,1001667029787174,2601000
315,1001667034874707,2601000
316,1001667040234371,2601000
317,1001667045375711,2601000
318,1001667050507503,2601000
319,1001667055641185,2601000
320,1001667060786293,2601000
321,1001667065937799,2601000
322,1001667071031684,2601000
323,1001667076170330,2601000
324,1001667081286854,2601000
325,1001667086420183,2601000
326,1001667091550755,2601000
327,1001667096679621,2601000
328,1001667101803006,2601000
329,1001667107224310,2601000
330,1001667112341649,2601000
331,1001667117472924,2601000
332,1001667122597717,2601000
333,1001667127724259,2601000
334,1001667133122813,2601000
335,1001667138283430,2601000
336,1001667143386659,2601000
337,1001667148477238,2601000
338,1001667153555744,2601000
339,1001667158715055,2601000
340,1001667163826755,2601000
341,1001667168929456,2601000
342,1001667174030128,2601000
343,1001667179170902,2601000
344,1001667184271519,2601000
345,1001667189366312,2601000
346,1001667194459550,2601000
347,1001667199554055,2601000
348,1001667204646005,2601000
349,1001667209736048,2601000
350,1001667214823581,2601000
351,1001667219916633,2601000
352,1001667225010602,2601000
353,1001667230104173,2601000
354,1001667235200827,2601000
355,1001667240293990,2601000
356,1001667245389801,2601000
357,1001667250481927,2601000
358,1001667255572654,2601000
359,1001667260668058,2601000
360,1001667265758148,2601000
361,1001667270870181,2601000
362,1001667275966141,2601000
363,1001667281058230,2601000
364,1001667286148772,2601000
365,1001667291242148,2601000
366,1001667296332755,2601000
367,1001667301429252,2601000
368,1001667306525628,2601000
369,1001667311615263,2601000
370,1001667316704964,2601000
371,1001667321796358,2601000
372,1001667326886753,2601000
373,1001667331975008,2601000
374,1001667337064921,2601000
375,1001667342154547,2601000
376,1001667347244386,2601000
377,1001667352334605,2601000
378,1001667357423758,2601000
379,1001667362512884,2601000
380,1001667367603186,2601000
381,1001667372695265,2601000
382,1001667377787965,2601000
383,1001667382868294,2601000
384,1001667387946457,2601000
385,1001667393023277,2601000
386,1001667398099699,2601000
387,1001667403213668,2601000
388,1001667408314192,2601000
389,1001667413403485,2601000
390,1001667418482341,2601000
391,1001667423604736,2601000
392,1001667428729473,2601000
393,1001667433869275,2601000
394,1001667438974965,2601000
395,1001667444263064,2601000
396,1001667449412673,2601000
397,1001667454523724,2601000
398,1001667459608118,2601000
399,1001667464696124,2601000
400,1001667469795361,2601000
401,1001667474890551,2601000
402,1001667479985723,2601000
403,1001667485121349,2601000
404,1001667490220141,2601000
405,1001667495298388,2601000
406,1001667500411931,2601000
407,1001667505568640,2601000
408,1001667510680664,2601000
409,1001667515787752,2601000
410,1001667520881962,2601000
411,1001667526013486,2601000
412,1001667531164760,2601000
413,1001667536275960,2601000
414,1001667541364493,2601000
415,1001667546460304,2601000
416,1001667551571949,2601000
417,1001667556664278,2601000
418,1001667561742460,2601000
419,1001667566820104,2601000
420,1001667571894045,2601000
421,1001667576966448,2601000
422,1001667582114703,2601000
423,1001667587210190,2601000
424,1001667592307723,2601000
425,1001667597394488,2601000
426,1001667602504271,2601000
427,1001667607588758,2601000
428,1001667612696931,2601000
429,1001667617776778,2601000
430,1001667622856951,2601000
431,1001667628977313,2601000
432,1001667634123097,2601000
433,1001667639260668,2601000
434,1001667644401793,2601000
435,1001667649519234,2601000
436,1001667654619657,2601000
437,1001667659717839,2601000
438,1001667664810372,2601000
439,1001667669906396,2601000
440,1001667674998819,2601000
441,1001667680094482,2601000
442,1001667685187987,2601000
443,1001667690284919,2601000
444,1001667695367859,2601000
445,1001667700514820,2601000
446,1001667705613889,2601000
447,1001667711315297,2601000
448,1001667716450080,2601000
449,1001667721559206,2601000
450,1001667726657934,2601000
451,1001667731748921,2601000
452,1001667736898261,2601000
453,1001667742040887,2601000
454,1001667747180179,2601000
455,1001667752286805,2601000
456,1001667757420525,2601000
457,1001667762534799,2601000
458,1001667767625934,2601000
459,1001667772705467,2601000
460,1001667777784195,2601000
461,1001667782876034,2601000
462,1001667787965669,2601000
463,1001667793075638,2601000
464,1001667798175588,2601000
465,1001667803267343,2601000
466,1001667808359534,2601000
467,1001667813455558,2601000
468,1001667818548601,2601000
469,1001667823655644,2601000
470,1001667828750168,2601000
471,1001667833840785,2601000
472,1001667838930365,2601000
473,1001667844042407,2601000
474,1001667849133616,2601000
475,1001667854222807,2601000
476,1001667859314553,2601000
477,1001667864406291,2601000
478,1001667869495333,2601000
479,1001667874588913,2601000
480,1001667879677937,2601000
481,1001667884767165,2601000
482,1001667889860226,2601000
483,1001667894951640,2601000
484,1001667900040755,2601000
485,1001667905129105,2601000
486,1001667910232971,2601000
487,1001667915323440,2601000
488,1001667920413890,2601000
489,1001667925507006,2601000
490,1001667930596262,2601000
491,1001667935685610,2601000
492,1001667940782903,2601000
493,1001667945872705,2601000
494,1001667950958969,2601000
495,1001667956044623,2601000
496,1001667961117906,2601000
497,1001667966189440,2601000
498,1001667971262714,2601000
499,1001667976403211,2601000
500,1001667981517606,2601000
501,1001667986598120,2601000
502,1001667991679848,2601000
503,1001667996793882,2601000
504,1001668001938544,2601000
505,1001668007080792,2601000
506,1001668012232520,2601000
507,1001668017370571,2601000
508,1001668023193757,2601000
509,1001668028337031,2601000
510,1001668033522436,2601000
511,1001668038663913,2601000
512,1001668043807975,2601000
513,1001668049003407,2601000
514,1001668054116209,2601000
515,1001668059862551,2601000
516,1001668065216057,2601000
517,1001668070446629,2601000
518,1001668075613903,2601000
519,1001668080732881,2601000
520,1001668085828739,2601000
521,1001668090940374,2601000
522,1001668096111158,2601000
523,1001668101231655,2601000
524,1001668106332086,2601000
525,1001668111761445,2601000
526,1001668116858450,2601000
527,1001668121957392,2601000
528,1001668127052387,2601000
529,1001668132151550,2601000
530,1001668137244741,2601000
531,1001668142335996,2601000
532,1001668147428511,2601000
533,1001668152517831,2601000
534,1001668157612161,2601000
535,1001668162699999,2601000
536,1001668167803356,2601000
537,1001668172895890,2601000
538,1001668177986839,2601000
539,1001668183074900,2601000
540,1001668188168637,2601000
541,1001668193260217,2601000
542,1001668198350138,2601000
543,1001668203447747,2601000
544,1001668208539993,2601000
545,1001668213632637,2601000
546,1001668218722291,2601000
547,1001668223820861,2601000
548,1001668228914033,2601000
549,1001668234005918,2601000
550,1001668239097590,2601000
551,1001668244186669,2601000
552,1001668249278193,2601000
553,1001668254369708,2601000
554,1001668259458992,2601000
555,1001668264547885,2601000
556,1001668269644299,2601000
557,1001668274735369,2601000
558,1001668279824522,2601000
559,1001668284913101,2601000
560,1001668290004495,2601000
561,1001668295094001,2601000
562,1001668300189821,2601000
563,1001668305310771,2601000
564,1001668310442675,2601000
565,1001668315880607,2601000
566,1001668321040687,2601000
567,1001668326193776,2601000
568,1001668331318244,2601000
569,1001668336498408,2601000
570,1001668341683849,2601000
571,1001668346802187,2601000
572,1001668351905646,2601000
573,1001668356987522,2601000
574,1001668362123324,2601000
575,1001668367268894,2601000
576,1001668372422216,2601000
577,1001668377577666,2601000
578,1001668382678495,2601000
579,1001668387816501,2601000
580,1001668392936776,2601000
581,1001668398032772,2601000
582,1001668403125148,2601000
583,1001668408332191,2601000
584,1001668413430067,2601000
585,1001668418559776,2601000
586,1001668423674569,2601000
587,1001668428776315,2601000
588,1001668433861719,2601000
589,1001668438971344,2601000
590,1001668444039285,2601000
591,1001668449126087,2601000
592,1001668454222713,2601000
593,1001668459316127,2601000
594,1001668464409067,2601000
595,1001668469560694,2601000
596,1001668474671116,2601000
597,1001668479778964,2601000
598,1001668484918294,2601000
599,1001668490074475,2601000
600,1001668495186008,2601000
601,1001668500280375,2601000
602,1001668505375381,2601000
603,1001668510514137,2601000
604,1001668515672180,2601000
605,1001668520787232,2601000
606,1001668525880330,2601000
607,1001668530987484,2601000
608,1001668536043054,2601000
609,1001668541129161,2601000
610,1001668546217806,2601000
611,1001668551303450,2601000
612,1001668556476030,2601000
613,1001668561661462,2601000
614,1001668566780181,2601000
615,1001668571873761,2601000
616,1001668576972173,2601000
617,1001668582118661,2601000
618,1001668587228962,2601000
619,1001668592326320,2601000
620,1001668597418186,2601000
621,1001668602509636,2601000
622,1001668607606410,2601000
623,1001668612701435,2601000
624,1001668617802551,2601000
625,1001668622897103,2601000
626,1001668628071184,2601000
627,1001668633278597,2601000
628,1001668638401574,2601000
629,1001668643519043,2601000
630,1001668648699577,2601000
631,1001668653837398,2601000
632,1001668658937709,2601000
633,1001668664043418,2601000
634,1001668669139090,2601000
635,1001668674223966,2601000
636,1001668679307990,2601000
637,1001668685510918,2601000
638,1001668690709600,2601000
639,1001668696132051,2601000
640,1001668701308484,2601000
641,1001668706415165,2601000
642,1001668711900247,2601000
643,1001668716994456,2601000
644,1001668722076304,2601000
645,1001668727195773,2601000
646,1001668732346741,2601000
647,1001668737442839,2601000
648,1001668742544622,2601000
649,1001668747640600,2601000
650,1001668752730633,2601000
651,1001668757868962,2601000
652,1001668763017145,2601000
653,1001668768582171,2601000
654,1001668773726296,2601000
655,1001668778867468,2601000
656,1001668783968890,2601000
657,1001668789060729,2601000
658,1001668794422366,2601000
659,1001668799599751,2601000
660,1001668804714904,2601000
661,1001668809808882,2601000
662,1001668814905545,2601000
663,1001668819997967,2601000
664,1001668825118278,2601000
665,1001668830218153,2601000
666,1001668835309474,2601000
667,1001668840400173,2601000
668,1001668845497697,2601000
669,1001668850591638,2601000
670,1001668855681560,2601000
671,1001668860771139,2601000
672,1001668865860071,2601000
673,1001668870948548,2601000
674,1001668876035600,2601000
675,1001668881180532,2601000
676,1001668886309241,2601000
677,1001668891401256,2601000
678,1001668896480752,2601000
679,1001668901564637,2601000
680,1001668906670151,2601000
681,1001668911803870,2601000
682,1001668916920718,2601000
683,1001668922016667,2601000
684,1001668927110802,2601000
685,1001668932207919,2601000
686,1001668937335294,2601000
687,1001668942427115,2601000
688,1001668947515574,2601000
689,1001668952598533,2601000
690,1001668957688279,2601000
691,1001668963521501,2601000
692,1001668968642895,2601000
693,1001668973739706,2601000
694,1001668978833091,2601000
695,1001668983934819,2601000
696,1001668990001921,2601000
697,1001668995125584,2601000
698,1001669000221313,2601000
699,1001669005313068,2601000
700,1001669010450990,2601000
701,1001669015645403,2601000
702,1001669020766742,2601000
703,1001669025858581,2601000
704,1001669030957411,2601000
705,1001669036412622,2601000
706,1001669041643990,2601000
707,1001669047010635,2601000
708,1001669052153919,2601000
709,1001669057907612,2601000
710,1001669063099498,2601000
711,1001669068286467,2601000
712,1001669073462409,2601000
713,1001669078646822,2601000
714,1001669083842930,2601000
715,1001669089035880,2601000
716,1001669094166988,2601000
717,1001669099276382,2601000
718,1001669104373230,2601000
719,1001669109465023,2601000
720,1001669114557565,2601000
721,1001669119655432,2601000
722,1001669124750262,2601000
723,1001669129844128,2601000
724,1001669134933708,2601000
725,1001669140038028,2601000
726,1001669145158461,2601000
727,1001669150260124,2601000
728,1001669155355230,2601000
729,1001669160445320,2601000
730,1001669165534797,2601000
731,1001669170627210,2601000
732,1001669175719513,2601000
733,1001669180812999,2601000
734,1001669185905829,2601000
735,1001669191003400,2601000
736,1001669196097294,2601000
737,1001669201186226,2601000
738,1001669206276027,2601000
739,1001669211363431,2601000
740,1001669216455797,2601000
741,1001669221551377,2601000
742,1001669226646540,2601000
743,1001669231741156,2601000
744,1001669236830541,2601000
745,1001669241924102,2601000
746,1001669247013785,2601000
747,1001669252103308,2601000
748,1001669257193287,2601000
749,1001669262283079,2601000
750,1001669267372371,2601000
751,1001669272481424,2601000
752,1001669277580439,2601000
753,1001669282673351,2601000
754,1001669287763523,2601000
755,1001669292857843,2601000
756,1001669297951006,2601000
757,1001669303045827,2601000
758,1001669308136573,2601000
759,1001669313229421,2601000
760,1001669318318797,2601000
761,1001669323419682,2601000
762,1001669328514845,2601000
763,1001669333604415,2601000
764,1001669338695190,2601000
765,1001669343778824,2601000
766,1001669348876951,2601000
767,1001669353972076,2601000
768,1001669359067359,2601000
769,1001669364403551,2601000
770,1001669370232773,2601000
771,1001669375347955,2601000
772,1001669380523932,2601000
773,1001669385722161,2601000
774,1001669391009343,2601000
775,1001669396205794,2601000
776,1001669401323679,2601000
777,1001669406486138,2601000
778,1001669411647264,2601000
779,1001669417002049,2601000
780,1001669422189194,2601000
781,1001669427298514,2601000
782,1001669432382890,2601000
783,1001669437467025,2601000
784,1001669442649336,2601000
785,1001669447773777,2601000
786,1001669452859829,2601000
787,1001669457947205,2601000
788,1001669463067683,2601000
789,1001669468174670,2601000
790,1001669473270379,2601000
791,1001669478365209,2601000
792,1001669483456881,2601000
793,1001669488550386,2601000
794,1001669493724892,2601000
795,1001669498844360,2601000
796,1001669503940171,2601000
797,1001669509027797,2601000
798,1001669514225737,2601000
799,1001669519361642,2601000
800,1001669524461314,2601000
801,1001669529558235,2601000
802,1001669534695436,2601000
803,1001669539805080,2601000
804,1001669544903131,2601000
805,1001669549997117,2601000
806,1001669555091373,2601000
807,1001669560190379,2601000
808,1001669565284568,2601000
809,1001669570374481,2601000
810,1001669575464283,2601000
811,1001669580558427,2601000
812,1001669585651701,2601000
813,1001669590742030,2601000
814,1001669595831591,2601000
815,1001669600926300,2601000
816,1001669606016834,2601000
817,1001669611113080,2601000
818,1001669616202326,2601000
819,1001669621292293,2601000
820,1001669626383261,2601000
821,1001669631473267,2601000
822,1001669636562753,2601000
823,1001669641651250,2601000
824,1001669646745042,2601000
825,1001669651838362,2601000
826,1001669656921349,2601000
827,1001669662011965,2601000
828,1001669667095397,2601000
829,1001669672172753,2601000
830,1001669677304037,2601000
831,1001669682497820,2601000
832,1001669687655650,2601000
833,1001669692764488,2601000
834,1001669697894651,2601000
835,1001669702990323,2601000
836,1001669708939286,2601000
837,1001669714095376,2601000
838,1001669719202232,2601000
839,1001669724292923,2601000
840,1001669729468068,2601000
841,1001669734683656,2601000
842,1001669739859347,2601000
843,1001669744982909,2601000
844,1001669750082868,2601000
845,1001669755174124,2601000
846,1001669760268518,2601000
847,1001669765359958,2601000
848,1001669770453853,2601000
849,1001669775547321,2601000
850,1001669780637817,2601000
851,1001669785728517,2601000
852,1001669790854653,2601000
853,1001669795961612,2601000
854,1001669801054793,2601000
855,1001669806150503,2601000
856,1001669811244962,2601000
857,1001669816335930,2601000
858,1001669821432001,2601000
859,1001669826525590,2601000
860,1001669831615003,2601000
861,1001669837642420,2601000
862,1001669842764721,2601000
863,1001669847859033,2601000
864,1001669852943566,2601000
865,1001669858019766,2601000
866,1001669863147170,2601000
867,1001669868242490,2601000
868,1001669873324764,2601000
869,1001669878403066,2601000
870,1001669883593664,2601000
871,1001669888771670,2601000
872,1001669893880629,2601000
873,1001669898978107,2601000
874,1001669904083186,2601000
875,1001669909277211,2601000
876,1001669914408847,2601000
877,1001669919508074,2601000
878,1001669924592404,2601000
879,1001669929738178,2601000
880,1001669934837202,2601000
881,1001669939926652,2601000
882,1001669945018852,2601000
883,1001669950110876,2601000
884,1001669955305289,2601000
885,1001669960426110,2601000
886,1001669965519495,2601000
887,1001669970677278,2601000
888,1001669975892146,2601000
889,1001669981153429,2601000
890,1001669986335352,2601000
891,1001669991500960,2601000
892,1001669996724466,2601000
893,1001670001921842,2601000
894,1001670007111163,2601000
895,1001670012233132,2601000
896,1001670017385795,2601000
897,1001670022955238,2601000
898,1001670028311828,2601000
899,1001670033456565,2601000
900,1001670038626506,2601000
901,1001670044095115,2601000
902,1001670049271446,2601000
903,1001670054408146,2601000
904,1001670059518559,2601000
905,1001670064614944,2601000
906,1001670069715310,2601000
907,1001670074811972,2601000
908,1001670079904496,2601000
909,1001670084996058,2601000
910,1001670090098998,2601000
911,1001670095191170,2601000
912,1001670100285083,2601000
913,1001670105376895,2601000
914,1001670110488196,2601000
915,1001670115596628,2601000
916,1001670120698522,2601000
917,1001670125793138,2601000
918,1001670130882635,2601000
919,1001670135973584,2601000
920,1001670141065756,2601000
921,1001670146156410,2601000
922,1001670151249304,2601000
923,1001670156340291,2601000
924,1001670161428258,2601000
925,1001670166518569,2601000
926,1001670171607843,2601000
927,1001670176700034,2601000
928,1001670181793604,2601000
929,1001670186882896,2601000
930,1001670191971050,2601000
931,1001670197058944,2601000
932,1001670202147857,2601000
933,1001670207241371,2601000
934,1001670212331043,2601000
935,1001670217419928,2601000
936,1001670222508340,2601000
937,1001670227598790,2601000
938,1001670232688739,2601000
939,1001670237779615,2601000
940,1001670242870621,2601000
941,1001670247958996,2601000
942,1001670253051409,2601000
943,1001670258140331,2601000
944,1001670263227605,2601000
945,1001670268318018,2601000
946,1001670273411041,2601000
947,1001670278498907,2601000
948,1001670283630830,2601000
949,1001670288933900,2601000
950,1001670294075998,2601000
951,1001670299252403,2601000
952,1001670304415306,2601000
953,1001670309611330,2601000
954,1001670315495737,2601000
955,1001670320703845,2601000
956,1001670325904064,2601000
957,1001670331048504,2601000
958,1001670336172325,2601000
959,1001670341348367,2601000
960,1001670346485900,2601000
961,1001670351666942,2601000
962,1001670356850892,2601000
963,1001670362002491,2601000
964,1001670367236497,2601000
965,1001670372374428,2601000
966,1001670377517295,2601000
967,1001670382655939,2601000
968,1001670387793446,2601000
969,1001670393112970,2601000
970,1001670398246605,2601000
971,1001670403343842,2601000
972,1001670408435079,2601000
973,1001670413537298,2601000
974,1001670418663572,2601000
975,1001670423776615,2601000
976,1001670428859194,2601000
977,1001670433942339,2601000
978,1001670439146761,2601000
979,1001670444249072,2601000
980,1001670449334263,2601000
981,1001670454452694,2601000
982,1001670459621468,2601000
983,1001670464727298,2601000
984,1001670469863044,2601000
985,1001670474967874,2601000
986,1001670480028471,2601000
987,1001670485105348,2601000
988,1001670490181723,2601000
989,1001670495268877,2601000
990,1001670500358790,2601000
991,1001670505450823,2601000
992,1001670510546143,2601000
993,1001670515688241,2601000
994,1001670520806395,2601000
995,1001670525910271,2601000
996,1001670531006813,2601000
997,1001670536100827,2601000
998,1001670541192342,2601000
999,1001670546282338,2601000
1000,1001670551371863,2601000
1001,1001670556469303,2601000
1002,1001670561561151,2601000
1003,1001670566651665,2601000
1004,1001670571748467,2601000
1005,1001670576855399,2601000
1006,1001670581950617,2601000
1007,1001670587042123,2601000
1008,1001670592132999,2601000
1009,1001670597224949,2601000
1010,1001670602319843,2601000
1011,1001670607409412,2601000
1012,1001670612500483,2601000
1013,1001670617590775,2601000
1014,1001670622687161,2601000
1015,1001670627777731,2601000
1016,1001670632868533,2601000
1017,1001670637960085,2601000
1018,1001670643048905,2601000
1019,1001670648154771,2601000
1020,1001670653257508,2601000
1021,1001670658352365,2601000
1022,1001670663446824,2601000
1023,1001670668541580,2601000
1024,1001670673642299,2601000
1025,1001670678733712,2601000
1026,1001670683827587,2601000
1027,1001670688917249,2601000
1028,1001670694008107,2601000
1029,1001670699111909,2601000
1030,1001670704207859,2601000
1031,1001670709301235,2601000
1032,1001670714438249,2601000
1033,1001670719580644,2601000
1034,1001670724676548,2601000
1035,1001670729762155,2601000
1036,1001670734882086,2601000
1037,1001670739979935,2601000
1038,1001670745064402,2601000
1039,1001670750148639,2601000
1040,1001670755613350,2601000
1041,1001670761358387,2601000
1042,1001670766478892,2601000
1043,1001670771614629,2601000
1044,1001670776892414,2601000
1045,1001670782038955,2601000
1046,1001670787166592,2601000
1047,1001670792268060,2601000
1048,1001670797354620,2601000
1049,1001670802434024,2601000
1050,1001670807507733,2601000
1051,1001670813187111,2601000
1052,1001670818299598,2601000
1053,1001670823388715,2601000
1054,1001670828476415,2601000
1055,1001670833565985,2601000
1056,1001670838690278,2601000
1057,1001670843822450,2601000
1058,1001670848939854,2601000
1059,1001670854034387,2601000
1060,1001670859118420,2601000
1061,1001670864526047,2601000
1062,1001670869618108,2601000
1063,1001670874704076,2601000
1064,1001670879788980,2601000
1065,1001670884873818,2601000
1066,1001670890093731,2601000
1067,1001670895236487,2601000
1068,1001670900342094,2601000
1069,1001670905436831,2601000
1070,1001670910530253,2601000
1071,1001670915673814,2601000
1072,1001670920771393,2601000
1073,1001670925860129,2601000
1074,1001670930962662,2601000
1075,1001670936043010,2601000
1076,1001670941139756,2601000
1077,1001670946230613,2601000
1078,1001670951320859,2601000
1079,1001670956414327,2601000
1080,1001670961507324,2601000
1081,1001670966597837,2601000
1082,1001670971692093,2601000
1083,1001670976783811,2601000
1084,1001670981873687,2601000
1085,1001670986962683,2601000
1086,1001670992055836,2601000
1087,1001670997149396,2601000
1088,1001671002241346,2601000
1089,1001671007334666,2601000
1090,1001671012429931,2601000
1091,1001671017691363,2601000
1092,1001671022817219,2601000
1093,1001671028392200,2601000
1094,1001671033524807,2601000
1095,1001671038647294,2601000
1096,1001671043794679,2601000
1097,1001671048941777,2601000
1098,1001671054137125,2601000
1099,1001671059282685,2601000
1100,1001671064444969,2601000
1101,1001671069606910,2601000
1102,1001671074719166,2601000
1103,1001671079822541,2601000
1104,1001671084965000,2601000
1105,1001671090134135,2601000
1106,1001671095278742,2601000
1107,1001671100388313,2601000
1108,1001671105484299,2601000
1109,1001671110579842,2601000
1110,1001671115677579,2601000
1111,1001671120771584,2601000
1112,1001671125863385,2601000
1113,1001671130955798,2601000
1114,1001671136062082,2601000
1115,1001671141155606,2601000
1116,1001671146246648,2601000
1117,1001671151337561,2601000
1118,1001671156429001,2601000
1119,1001671161521082,2601000
1120,1001671166614651,2601000
1121,1001671171703916,2601000
1122,1001671176793708,2601000
1123,1001671181884371,2601000
1124,1001671186972266,2601000
1125,1001671192068429,2601000
1126,1001671197159544,2601000
1127,1001671202249874,2601000
1128,1001671207341102,2601000
1129,1001671212432413,2601000
1130,1001671217550002,2601000
1131,1001671222652489,2601000
1132,1001671227747587,2601000
1133,1001671232850130,2601000
1134,1001671237943829,2601000
1135,1001671243038334,2601000
1136,1001671248129219,2601000
1137,1001671253221355,2601000
1138,1001671258301638,2601000
1139,1001671263381244,2601000
1140,1001671268578251,2601000
1141,1001671273671432,2601000
1142,1001671278757668,2601000
1143,1001671283852684,2601000
1144,1001671288944828,2601000
1145,1001671294041055,2601000
1146,1001671299138015,2601000
1147,1001671304231696,2601000
1148,1001671309321478,2601000
1149,1001671314412271,2601000
1150,1001671319504499,2601000
1151,1001671324635041,2601000
1152,1001671329779380,2601000
1153,1001671334910719,2601000
1154,1001671340050391,2601000
1155,1001671345173147,2601000
1156,1001671350319282,2601000
1157,1001671355461853,2601000
1158,1001671360611840,2601000
1159,1001671365722197,2601000
1160,1001671370843906,2601000
1161,1001671376335126,2601000
1162,1001671381445780,2601000
1163,1001671386581692,2601000
1164,1001671391968367,2601000
1165,1001671397242206,2601000
1166,1001671402369776,2601000
1167,1001671407458328,2601000
1168,1001671412549972,2601000
1169,1001671417631829,2601000
1170,1001671422738288,2601000
1171,1001671427845321,2601000
1172,1001671432942669,2601000
1173,1001671438084601,2601000
1174,1001671443177940,2601000
1175,1001671448269787,2601000
1176,1001671453363894,2601000
1177,1001671458456622,2601000
1178,1001671463545535,2601000
1179,1001671468634567,2601000
1180,1001671473727027,2601000
1181,1001671478818079,2601000
1182,1001671483907769,2601000
1183,1001671488997275,2601000
1184,1001671494087325,2601000
1185,1001671499191701,2601000
1186,1001671504289003,2601000
1187,1001671509380406,2601000
1188,1001671514472588,2601000
1189,1001671519563056,2601000
1190,1001671524654357,2601000
1191,1001671529746751,2601000
1192,1001671534840839,2601000
1193,1001671539931381,2601000
1194,1001671545024091,2601000
1195,1001671550116503,2601000
1196,1001671555207693,2601000
1197,1001671560300115,2601000
1198,1001671565390926,2601000
1199,1001671570479810,2601000
1200,1001671575578575,2601000
1201,1001671580669886,2601000
1202,1001671585759113,2601000
1203,1001671590848618,2601000
1204,1001671595942827,2601000
1205,1001671601033239,2601000
1206,1001671606121884,2601000
1207,1001671611210926,2601000
1208,1001671616299727,2601000
1209,1001671621361112,2601000
1210,1001671626452895,2601000
1211,1001671631545650,2601000
1212,1001671636642701,2601000
1213,1001671641736854,2601000
1214,1001671646815165,2601000
1215,1001671651910393,2601000
1216,1001671657007491,2601000
1217,1001671662187950,2601000
1218,1001671667347798,2601000
1219,1001671672489868,2601000
1220,1001671677582605,2601000
1221,1001671682687988,2601000
1222,1001671687784846,2601000
1223,1001671692921721,2601000
1224,1001671698031153,2601000
1225,1001671703474567,2601000
1226,1001671708620359,2601000
1227,1001671714229608,2601000
1228,1001671719367021,2601000
1229,1001671724469600,2601000
1230,1001671729551632,2601000
1231,1001671734628758,2601000
1232,1001671739726819,2601000
1233,1001671744821306,2601000
1234,1001671749912338,2601000
1235,1001671755003899,2601000
1236,1001671760096646,2601000
1237,1001671765186762,2601000
1238,1001671770275518,2601000
1239,1001671775368624,2601000
1240,1001671780461482,2601000
1241,1001671785549784,2601000
1242,1001671790646456,2601000
1243,1001671795800508,2601000
1244,1001671800895540,2601000
1245,1001671805994963,2601000
1246,1001671811088088,2601000
1247,1001671816182168,2601000
1248,1001671821275599,2601000
1249,1001671826360160,2601000
1250,1001671831456369,2601000
1251,1001671836552550,2601000
1252,1001671841643324,2601000
1253,1001671846742469,2601000
1254,1001671851890095,2601000
1255,1001671857001758,2601000
1256,1001671862088827,2601000
1257,1001671867180351,2601000
1258,1001671872273005,2601000
1259,1001671877378594,2601000
1260,1001671882518460,2601000
1261,1001671887627327,2601000
1262,1001671892714064,2601000
1263,1001671897794457,2601000
1264,1001671902875065,2601000
1265,1001671908102904,2601000
1266,1001671913251216,2601000
1267,1001671918347961,2601000
1268,1001671923444745,2601000
1269,1001671928546195,2601000
1270,1001671933678561,2601000
1271,1001671938780382,2601000
1272,1001671943873775,2601000
1273,1001671949002364,2601000
1274,1001671954177704,2601000
1275,1001671959346478,2601000
1276,1001671964457113,2601000
1277,1001671969533775,2601000
1278,1001671975270330,2601000
1279,1001671980403419,2601000
1280,1001671985531582,2601000
1281,1001671990618773,2601000
1282,1001671995747204,2601000
1283,1001672000896460,2601000
1284,1001672005984335,2601000
1285,1001672011058294,2601000
1286,1001672016180133,2601000
1287,1001672021324462,2601000
1288,1001672026453690,2601000
1289,1001672031556890,2601000
1290,1001672036651109,2601000
1291,1001672041730336,2601000
1292,1001672046879564,2601000
1293,1001672052012412,2601000
1294,1001672057101658,2601000
1295,1001672062249072,2601000
1296,1001672067392123,2601000
1297,1001672072503822,2601000
1298,1001672077599365,2601000
1299,1001672082688463,2601000
1300,1001672088288628,2601000
1301,1001672093455921,2601000
1302,1001672098616899,2601000
1303,1001672103769979,2601000
1304,1001672108908022,2601000
1305,1001672114006952,2601000
1306,1001672119121291,2601000
1307,1001672124499825,2601000
1308,1001672129640359,2601000
1309,1001672134739809,2601000
1310,1001672139823990,2601000
1311,1001672144902041,2601000
1312,1001672149976093,2601000
1313,1001672155066108,2601000
1314,1001672160219974,2601000
1315,1001672165316971,2601000
1316,1001672170407680,2601000
1317,1001672175499926,2601000
1318,1001672180589783,2601000
1319,1001672185679316,2601000
1320,1001672190768507,2601000
1321,1001672195860281,2601000
1322,1001672200954971,2601000
1323,1001672206045467,2601000
1324,1001672211135787,2601000
1325,1001672216224960,2601000
1326,1001672221314066,2601000
1327,1001672226405562,2601000
1328,1001672231499068,2601000
1329,1001672236600768,2601000
1330,1001672241694458,2601000
1331,1001672246783750,2601000
1332,1001672251872912,2601000
1333,1001672256964279,2601000
1334,1001672262055349,2601000
1335,1001672267145845,2601000
1336,1001672272237016,2601000
1337,1001672277324883,2601000
1338,1001672282413731,2601000
1339,1001672287505930,2601000
1340,1001672292595324,2601000
1341,1001672297715190,2601000
1342,1001672302812557,2601000
1343,1001672307890829,2601000
1344,1001672312964798,2601000
1345,1001672318037303,2601000
1346,1001672323109039,2601000
1347,1001672328184831,2601000
1348,1001672333323901,2601000
1349,1001672338437351,2601000
1350,1001672343533875,2601000
1351,1001672348628583,2601000
1352,1001672353869951,2601000
1353,1001672359014336,2601000
1354,1001672364148849,2601000
1355,1001672369269447,2601000
1356,1001672374401777,2601000
1357,1001672380070117,2601000
1358,1001672385178910,2601000
1359,1001672390296656,2601000
1360,1001672395578523,2601000
1361,1001672400724890,2601000
1362,1001672405886312,2601000
1363,1001672411270133,2601000
1364,1001672416479583,2601000
1365,1001672421602171,2601000
1366,1001672426759945,2601000
1367,1001672431909525,2601000
1368,1001672437069159,2601000
1369,1001672442227757,2601000
1370,1001672447361754,2601000
1371,1001672452472870,2601000
1372,1001672457567616,2601000
1373,1001672462656574,2601000
1374,1001672467749978,2601000
1375,1001672472842724,2601000
1376,1001672477932561,2601000
1377,1001672483022613,2601000
1378,1001672488114831,2601000
1379,1001672493206114,2601000
1380,1001672498302703,2601000
1381,1001672503396588,2601000
1382,1001672508486269,2601000
1383,1001672513576960,2601000
1384,1001672518664011,2601000
1385,1001672523753989,2601000
1386,1001672528850846,2601000
1387,1001672533944693,2601000
1388,1001672539038088,2601000
1389,1001672544129973,2601000
1390,1001672549219866,2601000
1391,1001672554310205,2601000
1392,1001672559399627,2601000
1393,1001672564484428,2601000
1394,1001672569575286,2601000
1395,1001672574669606,2601000
1396,1001672579768889,2601000
1397,1001672584860811,2601000
1398,1001672589951687,2601000
1399,1001672595040387,2601000
1400,1001672600130687,2601000
1401,1001672605220332,2601000
1402,1001672610308374,2601000
1403,1001672615431565,2601000
1404,1001672620520922,2601000
1405,1001672625610177,2601000
1406,1001672630699562,2601000
1407,1001672635789864,2601000
1408,1001672640878267,2601000
1409,1001672645968476,2601000
1410,1001672651056908,2601000
1411,1001672656145070,2601000
1412,1001672661235946,2601000
1413,1001672666332284,2601000
1414,1001672671425196,2601000
1415,1001672676556674,2601000
1416,1001672681700217,2601000
1417,1001672686825871,2601000
1418,1001672691954904,2601000
1419,1001672697073446,2601000
1420,1001672702210582,2601000
1421,1001672707345421,2601000
1422,1001672712493843,2601000
1423,1001672717634191,2601000
1424,1001672722885937,2601000
1425,1001672728037887,2601000
1426,1001672733154559,2601000
1427,1001672738256889,2601000
1428,1001672743336959,2601000
1429,1001672748475632,2601000
1430,1001672753611442,2601000
1431,1001672758715531,2601000
1432,1001672763804147,2601000
1433,1001672768885495,2601000
1434,1001672774004852,2601000
1435,1001672779098959,2601000
1436,1001672784182678,2601000
1437,1001672789265016,2601000
1438,1001672794387503,2601000
1439,1001672799508814,2601000
1440,1001672804602856,2601000
1441,1001672809684556,2601000
1442,1001672814816080,2601000
1443,1001672819925826,2601000
1444,1001672825023850,2601000
1445,1001672830117078,2601000
1446,1001672835223166,2601000
1447,1001672840316162,2601000
1448,1001672845411242,2601000
1449,1001672850517820,2601000
1450,1001672855614243,2601000
1451,1001672860746869,2601000
1452,1001672865847596,2601000
1453,1001672870927879,2601000
1454,1001672876049505,2601000
1455,1001672881151879,2601000
1456,1001672886251977,2601000
1457,1001672891345159,2601000
1458,1001672896440117,2601000
1459,1001672901535020,2601000
1460,1001672906626590,2601000
1461,1001672911715272,2601000
1462,1001672916811870,2601000
1463,1001672921911383,2601000
1464,1001672927002814,2601000
1465,1001672932096940,2601000
1466,1001672937187935,2601000
1467,1001672942280117,2601000
1468,1001672947371307,2601000
1469,1001672952461737,2601000
1470,1001672957552604,2601000
1471,1001672962645368,2601000
1472,1001672967735716,2601000
1473,1001672972825388,2601000
1474,1001672977915708,2601000
1475,1001672983059907,2601000
1476,1001672988151968,2601000
1477,1001672993243084,2601000
1478,1001672998342293,2601000
1479,1001673003436946,2601000
1480,1001673008588452,2601000
1481,1001673013725281,2601000
1482,1001673018863462,2601000
1483,1001673023960244,2601000
1484,1001673029066528,2601000
1485,1001673034149801,2601000
1486,1001673039262964,2601000
1487,1001673044399164,2601000
1488,1001673049537290,2601000
1489,1001673054678647,2601000
1490,1001673059785753,2601000
1491,1001673064912258,2601000
1492,1001673070057042,2601000
1493,1001673075155927,2601000
1494,1001673080235681,2601000
1495,1001673085326706,2601000
1496,1001673090418812,2601000
1497,1001673095509039,2601000
1498,1001673100602100,2601000
1499,1001673105692188,2601000
1500,1001673110781277,2601000
1501,1001673115870865,2601000
1502,1001673120959499,2601000
1503,1001673126049050,2601000
1504,1001673131148500,2601000
1505,1001673136239430,2601000
1506,1001673141329574,2601000
1507,1001673146421394,2601000
1508,1001673151510168,2601000
1509,1001673156600598,2601000
1510,1001673161690649,2601000
1511,1001673166778210,2601000
1512,1001673171866983,2601000
1513,1001673176955321,2601000
1514,1001673182049234,2601000
1515,1001673187203674,2601000
1516,1001673192309947,2601000
1517,1001673197391146,2601000
1518,1001673202468892,2601000
1519,1001673207669721,2601000
1520,1001673212776208,2601000
1521,1001673217865370,2601000
1522,1001673222953967,2601000
1523,1001673228053972,2601000
1524,1001673236112120,2601000
1525,1001673241244634,2601000
1526,1001673246367065,2601000
1527,1001673251506006,2601000
1528,1001673256659011,2601000
1529,1001673261768905,2601000
1530,1001673266858141,2601000
1531,1001673271969747,2601000
1532,1001673277084882,2601000
1533,1001673282257545,2601000
1534,1001673287390494,2601000
1535,1001673292485444,2601000
1536,1001673297955163,2601000
1537,1001673303082648,2601000
1538,1001673308238765,2601000
1539,1001673313377483,2601000
1540,1001673318512127,2601000
1541,1001673324212996,2601000
1542,1001673329331963,2601000
1543,1001673334440274,2601000
1544,1001673339540807,2601000
1545,1001673344639710,2601000
1546,1001673350147901,2601000
1547,1001673355301610,2601000
1548,1001673360436458,2601000
1549,1001673365569565,2601000
1550,1001673370656422,2601000
1551,1001673375738288,2601000
1552,1001673380813904,2601000
1553,1001673385903233,2601000
1554,1001673390993534,2601000
1555,1001673396034548,2601000
1556,1001673401123803,2601000
1557,1001673406212919,2601000
1558,1001673411301915,2601000
1559,1001673416401105,2601000
1560,1001673421492758,2601000
1561,1001673426596578,2601000
1562,1001673431694287,2601000
1563,1001673436784791,2601000
1564,1001673441880584,2601000
1565,1001673446972524,2601000
1566,1001673452038242,2601000
1567,1001673457138599,2601000
1568,1001673462227336,2601000
1569,1001673467316053,2601000
1570,1001673472407262,2601000
1571,1001673477497702,2601000
1572,1001673482586707,2601000
1573,1001673487677555,2601000
1574,1001673492767365,2601000
1575,1001673497855667,2601000
1576,1001673502943885,2601000
1577,1001673508037566,2601000
1578,1001673513126303,2601000
1579,1001673518217531,2601000
1580,1001673523312017,2601000
1581,1001673528406300,2601000
1582,1001673533495056,2601000
1583,1001673538583468,2601000
1584,1001673543672640,2601000
1585,1001673548762062,2601000
1586,1001673553852391,2601000
1587,1001673558941155,2601000
1588,1001673564031124,2601000
1589,1001673569120258,2601000
1590,1001673574213735,2601000
1591,1001673579305185,2601000
1592,1001673584396061,2601000
1593,1001673589483945,2601000
1594,1001673594571617,2601000
1595,1001673599665326,2601000
1596,1001673604757322,2601000
1597,1001673609852559,2601000
1598,1001673614944379,2601000
1599,1001673620087348,2601000
1600,1001673625207483,2601000
1601,1001673631353631,2601000
1602,1001673636452035,2601000
1603,1001673641535438,2601000
1604,1001673646642416,2601000
1605,1001673651783292,2601000
1606,1001673656939455,2601000
1607,1001673662086886,2601000
1608,1001673667380873,2601000
1609,1001673672537425,2601000
1610,1001673677641264,2601000
1611,1001673682732732,2601000
1612,1001673687812792,2601000
1613,1001673693357161,2601000
1614,1001673698506657,2601000
1615,1001673703660404,2601000
1616,1001673708809418,2601000
1617,1001673713967517,2601000
1618,1001673719123300,2601000
1619,1001673724239119,2601000
1620,1001673729333042,2601000
1621,1001673734445353,2601000
1622,1001673739624395,2601000
1623,1001673744789595,2601000
1624,1001673749971277,2601000
1625,1001673755116671,2601000
1626,1001673760254833,2601000
1627,1001673765340857,2601000
1628,1001673770414280,2601000
1629,1001673775508358,2601000
1630,1001673780591345,2601000
1631,1001673785676203,2601000
1632,1001673790780994,2601000
1633,1001673795872055,2601000
1634,1001673800977385,2601000
1635,1001673806071325,2601000
1636,1001673811174228,2601000
1637,1001673816268215,2601000
1638,1001673821360323,2601000
1639,1001673826453735,2601000
1640,1001673831550185,2601000
1641,1001673836642013,2601000
1642,1001673841731862,2601000
1643,1001673846820459,2601000
1644,1001673851910409,2601000
1645,1001673857000016,2601000
1646,1001673862090817,2601000
1647,1001673867185221,2601000
1648,1001673872275800,2601000
1649,1001673877364286,2601000
1650,1001673882453209,2601000
1651,1001673887542835,2601000
1652,1001673892634052,2601000
1653,1001673897723622,2601000
1654,1001673902814193,2601000
1655,1001673907902808,2601000
1656,1001673912991166,2601000
1657,1001673918087079,2601000
1658,1001673923177639,2601000
1659,1001673928270996,2601000
1660,1001673933359631,2601000
1661,1001673938450664,2601000
1662,1001673943539762,2601000
1663,1001673948628146,2601000
1664,1001673953715948,2601000
1665,1001673958806898,2601000
1666,1001673963894375,2601000
1667,1001673968981973,2601000
1668,1001673974070062,2601000
1669,1001673979158029,2601000
1670,1001673984246813,2601000
1671,1001673989337244,2601000
1672,1001673994425962,2601000
1673,1001673999515375,2601000
1674,1001674004606214,2601000
1675,1001674009698339,2601000
1676,1001674014826048,2601000
1677,1001674019919451,2601000
1678,1001674025010382,2601000
1679,1001674030182295,2601000
1680,1001674035297865,2601000
1681,1001674040378407,2601000
1682,1001674045458440,2601000
1683,1001674050856549,2601000
1684,1001674056051341,2601000
1685,1001674061234245,2601000
1686,1001674066325334,2601000
1687,1001674071457006,2601000
1688,1001674076550132,2601000
1689,1001674081629581,2601000
1690,1001674086774781,2601000
1691,1001674091876138,2601000
1692,1001674096992773,2601000
1693,1001674102076167,2601000
1694,1001674107185079,2601000
1695,1001674112319224,2601000
1696,1001674117413766,2601000
1697,1001674122499670,2601000
1698,1001674127581535,2601000
1699,1001674132693134,2601000
1700,1001674137788463,2601000
1701,1001674142877468,2601000
1702,1001674147963659,2601000
1703,1001674153048386,2601000
1704,1001674158186336,2601000
1705,1001674163293489,2601000
1706,1001674168380541,2601000
1707,1001674173462584,2601000
1708,1001674178586116,2601000
1709,1001674183737844,2601000
1710,1001674188846062,2601000
1711,1001674193933807,2601000
1712,1001674199022961,2601000
1713,1001674204148467,2601000
1714,1001674209250815,2601000
1715,1001674214353968,2601000
1716,1001674219450094,2601000
1717,1001674224540784,2601000
1718,1001674229640076,2601000
1719,1001674234730924,2601000
1720,1001674239821605,2601000
1721,1001674244914777,2601000
1722,1001674250005273,2601000
1723,1001674255095992,2601000
1724,1001674260185663,2601000
1725,1001674265279613,2601000
1726,1001674270368841,2601000
1727,1001674275459456,2601000
1728,1001674280549230,2601000
1729,1001674285638531,2601000
1730,1001674290728981,2601000
1731,1001674295818439,2601000
1732,1001674300910093,2601000
1733,1001674305998218,2601000
1734,1001674311097890,2601000
1735,1001674316189692,2601000
1736,1001674321281178,2601000
1737,1001674326370184,2601000
1738,1001674331509827,2601000
1739,1001674336619935,2601000
1740,1001674341701625,2601000
1741,1001674346782389,2601000
1742,1001674351880376,2601000
1743,1001674356974381,2601000
1744,1001674362086886,2601000
1745,1001674367231355,2601000
1746,1001674372340592,2601000
1747,1001674377736875,2601000
1748,1001674382888557,2601000
1749,1001674388057988,2601000
1750,1001674393163253,2601000
1751,1001674398282999,2601000
1752,1001674403400708,2601000
1753,1001674408522333,2601000
1754,1001674413605163,2601000
1755,1001674418689723,2601000
1756,1001674423769636,2601000
1757,1001674428881650,2601000
1758,1001674433978970,2601000
1759,1001674439069819,2601000
1760,1001674444162323,2601000
1761,1001674449253393,2601000
1762,1001674454345889,2601000
1763,1001674459435996,2601000
1764,1001674464525492,2601000
1765,1001674469614849,2601000
1766,1001674474705280,2601000
1767,1001674479795239,2601000
1768,1001674484887328,2601000
1769,1001674489979434,2601000
1770,1001674495071180,2601000
1771,1001674500160564,2601000
1772,1001674505293357,2601000
1773,1001674510395233,2601000
1774,1001674515473025,2601000
1775,1001674520546391,2601000
1776,1001674525787026,2601000
1777,1001674530910754,2601000
1778,1001674535999351,2601000
1779,1001674541087755,2601000
1780,1001674546163964,2601000
1781,1001674551258598,2601000
1782,1001674556395011,2601000
1783,1001674561505118,2601000
1784,1001674566598938,2601000
1785,1001674571709110,2601000
1786,1001674576794967,2601000
1787,1001674581882972,2601000
1788,1001674586965616,2601000
1789,1001674592024131,2601000
1790,1001674597177321,2601000
1791,1001674602290020,2601000
1792,1001674607384230,2601000
1793,1001674612503504,2601000
1794,1001674617656398,2601000
1795,1001674622757319,2601000
1796,1001674627838759,2601000
1797,1001674632919403,2601000
1798,1001674638044695,2601000
1799,1001674643143025,2601000
1800,1001674648285881,2601000
1801,1001674653383025,2601000
1802,1001674658463742,2601000
1803,1001674663952083,2601000
1804,1001674669101301,2601000
1805,1001674674242704,2601000
1806,1001674679345394,2601000
1807,1001674684488844,2601000
1808,1001674689580007,2601000
1809,1001674694660557,2601000
1810,1001674699802035,2601000
1811,1001674704897965,2601000
1812,1001674710064841,2601000
1813,1001674715213698,2601000
1814,1001674720370139,2601000
1815,1001674725470060,2601000
1816,1001674730552352,2601000
1817,1001674735630154,2601000
1818,1001674740728371,2601000
1819,1001674745820691,2601000
1820,1001674750911001,2601000
1821,1001674756181220,2601000
1822,1001674761279197,2601000
1823,1001674766369101,2601000
1824,1001674771458624,2601000
1825,1001674776547934,2601000
1826,1001674781636754,2601000
1827,1001674786724824,2601000
1828,1001674791814422,2601000
1829,1001674796903491,2601000
1830,1001674802006033,2601000
1831,1001674807099825,2601000
1832,1001674812191922,2601000
1833,1001674817282993,2601000
1834,1001674822371978,2601000
1835,1001674827464725,2601000
1836,1001674832558803,2601000
1837,1001674837649068,2601000
1838,1001674842737832,2601000
1839,1001674847830170,2601000
1840,1001674852921842,2601000
1841,1001674858013726,2601000
1842,1001674863103000,2601000
1843,1001674868193274,2601000
1844,1001674873282075,2601000
1845,1001674878369264,2601000
1846,1001674883458242,2601000
1847,1001674888547146,2601000
1848,1001674893634456,2601000
1849,1001674898728054,2601000
1850,1001674903816485,2601000
1851,1001674908905685,2601000
1852,1001674913994014,2601000
1853,1001674919094936,2601000
1854,1001674924185468,2601000
1855,1001674929279696,2601000
1856,1001674934369553,2601000
1857,1001674939504059,2601000
1858,1001674944613943,2601000
1859,1001674949698198,2601000
1860,1001674954780073,2601000
1861,1001674959905357,2601000
1862,1001674965049908,2601000
1863,1001674970146164,2601000
1864,1001674975287900,2601000
1865,1001674980440193,2601000
1866,1001674985580550,2601000
1867,1001674990686306,2601000
1868,1001674995805134,2601000
1869,1001675000970251,2601000
1870,1001675006137201,2601000
1871,1001675011453782,2601000
1872,1001675016565713,2601000
1873,1001675021698514,2601000
1874,1001675026811649,2601000
1875,1001675031940460,2601000
1876,1001675037093946,2601000
1877,1001675042205943,2601000
1878,1001675047300402,2601000
1879,1001675052385879,2601000
1880,1001675057559060,2601000
1881,1001675062686658,2601000
1882,1001675067799905,2601000
1883,1001675072902567,2601000
1884,1001675078041628,2601000
1885,1001675083142448,2601000
1886,1001675088234712,2601000
1887,1001675093330597,2601000
1888,1001675098423416,2601000
1889,1001675103514144,2601000
1890,1001675108603631,2601000
1891,1001675113698599,2601000
1892,1001675118791345,2601000
1893,1001675123883063,2601000
1894,1001675128979689,2601000
1895,1001675134069702,2601000
1896,1001675139165671,2601000
1897,1001675144255575,2601000
1898,1001675149346449,2601000
1899,1001675154436094,2601000
1900,1001675159527163,2601000
1901,1001675164618308,2601000
1902,1001675169713989,2601000
1903,1001675174805799,2601000
1904,1001675179896555,2601000
1905,1001675184988050,2601000
1906,1001675190078158,2601000
1907,1001675195166561,2601000
1908,1001675200257992,2601000
1909,1001675205348552,2601000
1910,1001675210437928,2601000
1911,1001675215529313,2601000
1912,1001675220619993,2601000
1913,1001675225711582,2601000
1914,1001675230804939,2601000
1915,1001675235894167,2601000
1916,1001675240985876,2601000
1917,1001675246078019,2601000
1918,1001675251166692,2601000
1919,1001675256255863,2601000
1920,1001675261351081,2601000
1921,1001675266445604,2601000
1922,1001675271542286,2601000
1923,1001675276630679,2601000
1924,1001675281711472,2601000
1925,1001675286846977,2601000
1926,1001675291985963,2601000
1927,1001675297129821,2601000
1928,1001675302229604,2601000
1929,1001675307316368,2601000
1930,1001675313451416,2601000
1931,1001675318604615,2601000
1932,1001675323708000,2601000
1933,1001675328854052,2601000
1934,1001675334007964,2601000
1935,1001675339172377,2601000
1936,1001675344313234,2601000
1937,1001675349410720,2601000
1938,1001675354532652,2601000
1939,1001675359687676,2601000
1940,1001675364793393,2601000
1941,1001675369892426,2601000
1942,1001675374987227,2601000
1943,1001675380166204,2601000
1944,1001675385251256,2601000
1945,1001675390330992,2601000
1946,1001675395410062,2601000
1947,1001675400498714,2601000
1948,1001675405589340,2601000
1949,1001675410784086,2601000
1950,1001675415910786,2601000
1951,1001675421013985,2601000
1952,1001675426109083,2601000
1953,1001675431225272,2601000
1954,1001675436373611,2601000
1955,1001675441523607,2601000
1956,1001675446611704,2601000
1957,1001675451703913,2601000
1958,1001675456841306,2601000
1959,1001675461985849,2601000
1960,1001675467088382,2601000
1961,1001675472170720,2601000
1962,1001675477251512,2601000
1963,1001675482329340,2601000
1964,1001675487490586,2601000
1965,1001675492642498,2601000
1966,1001675497738004,2601000
1967,1001675502822472,2601000
1968,1001675507929273,2601000
1969,1001675513069556,2601000
1970,1001675518165950,2601000
1971,1001675523259926,2601000
1972,1001675528353663,2601000
1973,1001675533463797,2601000
1974,1001675538568821,2601000
1975,1001675543663918,2601000
1976,1001675548756609,2601000
1977,1001675553848798,2601000
1978,1001675558938637,2601000
1979,1001675564044901,2601000
1980,1001675569159656,2601000
1981,1001675574260041,2601000
1982,1001675579354582,2601000
1983,1001675584446559,2601000
1984,1001675589536851,2601000
1985,1001675594627642,2601000
1986,1001675599720083,2601000
1987,1001675604813144,2601000
1988,1001675609945278,2601000
1989,1001675615035959,2601000
1990,1001675620113177,2601000
1991,1001675625221645,2601000
1992,1001675630303594,2601000
1993,1001675635432776,2601000
1994,1001675640592846,2601000
1995,1001675645716582,2601000
1996,1001675650814477,2601000
1997,1001675655906703,2601000
1998,1001675661000089,2601000
1999,1001675666090315,2601000
2000,1001675671182756,2601000
2001,1001675676274344,2601000
2002,1001675681365979,2601000
2003,1001675686458326,2601000
2004,1001675691558239,2601000
2005,1001675696638096,2601000
2006,1001675701713657,2601000
2007,1001675706796235,2601000
2008,1001675711881491,2601000
2009,1001675716965134,2601000
2010,1001675722052899,2601000
2011,1001675727141571,2601000
2012,1001675732231011,2601000
2013,1001675737320970,2601000
2014,1001675742413929,2601000
2015,1001675747505674,2601000
2016,1001675752598383,2601000
2017,1001675757692619,2601000
2018,1001675762782375,2601000
2019,1001675767874194,2601000
2020,1001675772965320,2601000
2021,1001675778058482,2601000
2022,1001675783149988,2601000
2023,1001675788240539,2601000
2024,1001675793330924,2601000
2025,1001675798425669,2601000
2026,1001675803532712,2601000
2027,1001675808631698,2601000
2028,1001675813750713,2601000
2029,1001675818847089,2601000
2030,1001675823940556,2601000
2031,1001675829033903,2601000
2032,1001675834131816,2601000
2033,1001675839272683,2601000
2034,1001675844371641,2601000
2035,1001675849457758,2601000
2036,1001675854548068,2601000
2037,1001675859645657,2601000
2038,1001675864819977,2601000
2039,1001675869946621,2601000
2040,1001675875057339,2601000
2041,1001675880153261,2601000
2042,1001675885273636,2601000
2043,1001675890429957,2601000
2044,1001675895533592,2601000
2045,1001675900622365,2601000
2046,1001675905861232,2601000
2047,1001675911008256,2601000
2048,1001675916128492,2601000
2049,1001675921232127,2601000
2050,1001675926322660,2601000
2051,1001675931461859,2601000
2052,1001675936575281,2601000
2053,1001675941669019,2601000
2054,1001675946761310,2601000
2055,1001675951885992,2601000
2056,1001675957038997,2601000
2057,1001675962152594,2601000
2058,1001675967247785,2601000
2059,1001675972332428,2601000
2060,1001675977448823,2601000
2061,1001675982552096,2601000
2062,1001675987648018,2601000
2063,1001675992743245,2601000
2064,1001675997889019,2601000
2065,1001676003086163,2601000
2066,1001676008214307,2601000
2067,1001676013313163,2601000
2068,1001676018407465,2601000
2069,1001676023501895,2601000
2070,1001676028597002,2601000
2071,1001676033695933,2601000
2072,1001676038789086,2601000
2073,1001676043881054,2601000
2074,1001676048970920,2601000
2075,1001676054063322,2601000
2076,1001676059156244,2601000
2077,1001676064247462,2601000
2078,1001676069342662,2601000
2079,1001676074435397,2601000
2080,1001676079573866,2601000
2081,1001676084675130,2601000
2082,1001676089767894,2601000
2083,1001676094858038,2601000
2084,1001676099946820,2601000
2085,1001676105057631,2601000
2086,1001676110146395,2601000
2087,1001676115235613,2601000
2088,1001676120325154,2601000
2089,1001676125416586,2601000
2090,1001676130518360,2601000
2091,1001676135610660,2601000
2092,1001676140702961,2601000
2093,1001676145837818,2601000
2094,1001676150950231,2601000
2095,1001676156042633,2601000
2096,1001676161135204,2601000
2097,1001676166226050,2601000
2098,1001676171318584,2601000
2099,1001676176409023,2601000
2100,1001676181497390,2601000
2101,1001676186587292,2601000
2102,1001676191680983,2601000
2103,1001676196772533,2601000
2104,1001676201863001,2601000
2105,1001676206954284,2601000
2106,1001676212036780,2601000
2107,1001676217128201,2601000
2108,1001676222222336,2601000
2109,1001676227808695,2601000
2110,1001676232965033,2601000
2111,1001676238076455,2601000
2112,1001676243170107,2601000
2113,1001676248261854,2601000
2114,1001676253352460,2601000
2115,1001676258442308,2601000
2116,1001676263532702,2601000
2117,1001676268623494,2601000
2118,1001676273714259,2601000
2119,1001676278813856,2601000
2120,1001676283908027,2601000
2121,1001676289002552,2601000
2122,1001676294099732,2601000
2123,1001676299189812,2601000
2124,1001676304282038,2601000
2125,1001676309454674,2601000
2126,1001676314564429,2601000
2127,1001676319644415,2601000
2128,1001676324720559,2601000
2129,1001676329874814,2601000
2130,1001676335064551,2601000
2131,1001676340176815,2601000
2132,1001676345272960,2601000
2133,1001676350469437,2601000
2134,1001676355588192,2601000
2135,1001676360680744,2601000
2136,1001676365820091,2601000
2137,1001676371022893,2601000
2138,1001676376140417,2601000
2139,1001676381233588,2601000
2140,1001676386319668,2601000
2141,1001676391489348,2601000
2142,1001676396608298,2601000
2143,1001676401701099,2601000
2144,1001676406784984,2601000
2145,1001676412181185,2601000
2146,1001676417317708,2601000
2147,1001676422414242,2601000
2148,1001676427508311,2601000
2149,1001676432664039,2601000
2150,1001676437853526,2601000
2151,1001676442959540,2601000
2152,1001676448043082,2601000
2153,1001676453155587,2601000
2154,1001676458255768,2601000
2155,1001676463347032,2601000
2156,1001676468437445,2601000
2157,1001676473531931,2601000
2158,1001676478622789,2601000
2159,1001676483715284,2601000
2160,1001676488806038,2601000
2161,1001676493899340,2601000
2162,1001676498987780,2601000
2163,1001676504037988,2601000
2164,1001676509128735,2601000
2165,1001676514225841,2601000
2166,1001676519325476,2601000
2167,1001676524418490,2601000
2168,1001676529528708,2601000
2169,1001676534625213,2601000
2170,1001676539716478,2601000
2171,1001676544806908,2601000
2172,1001676549896275,2601000
2173,1001676554989048,2601000
2174,1001676560079998,2601000
2175,1001676565171466,2601000
2176,1001676570262563,2601000
2177,1001676575356781,2601000
2178,1001676580452351,2601000
2179,1001676585634791,2601000
2180,1001676590762991,2601000
2181,1001676595863505,2601000
2182,1001676600957520,2601000
2183,1001676606052951,2601000
2184,1001676611143364,2601000
2185,1001676616233905,2601000
2186,1001676621325604,2601000
2187,1001676626420434,2601000
2188,1001676631520642,2601000
2189,1001676636611462,2601000
2190,1001676641701485,2601000
2191,1001676646793204,2601000
2192,1001676651890829,2601000
2193,1001676656985770,2601000
2194,1001676662082496,2601000
2195,1001676667175066,2601000
2196,1001676672382377,2601000
2197,1001676677511836,2601000
2198,1001676682611341,2601000
2199,1001676687711828,2601000
2200,1001676692804193,2601000
2201,1001676697896986,2601000
2202,1001676702997148,2601000
2203,1001676708088366,2601000
2204,1001676713180853,2601000
2205,1001676718273719,2601000
2206,1001676723365853,2601000
2207,1001676728461229,2601000
2208,1001676733551262,2601000
2209,1001676738642748,2601000
2210,1001676743732438,2601000
2211,1001676748825887,2601000
2212,1001676754056892,2601000
2213,1001676759244805,2601000
2214,1001676764354986,2601000
2215,1001676769438204,2601000
2216,1001676774525838,2601000
2217,1001676779616417,2601000
2218,1001676784841071,2601000
2219,1001676790025344,2601000
2220,1001676795140645,2601000
2221,1001676800231586,2601000
2222,1001676805338553,2601000
2223,1001676810429614,2601000
2224,1001676815617082,2601000
2225,1001676820731179,2601000
2226,1001676825824471,2601000
2227,1001676830903772,2601000
2228,1001676835977147,2601000
2229,1001676841579645,2601000
2230,1001676846699196,2601000
2231,1001676851792867,2601000
2232,1001676856884160,2601000
2233,1001676861979535,2601000
2234,1001676867113096,2601000
2235,1001676872220304,2601000
2236,1001676877298994,2601000
2237,1001676882372054,2601000
2238,1001676887448123,2601000
2239,1001676893111936,2601000
2240,1001676898261284,2601000
2241,1001676903391548,2601000
2242,1001676908515358,2601000
2243,1001676913659049,2601000
2244,1001676918808860,2601000
2245,1001676923913225,2601000
2246,1001676929004138,2601000
2247,1001676934086161,2601000
2248,1001676939221676,2601000
2249,1001676944503764,2601000
2250,1001676949598954,2601000
2251,1001676954691098,2601000
2252,1001676959786788,2601000
2253,1001676964882774,2601000
2254,1001676969973112,2601000
2255,1001676975063746,2601000
2256,1001676980158585,2601000
2257,1001676985249691,2601000
2258,1001676990345215,2601000
2259,1001676995436554,2601000
2260,1001677000526188,2601000
2261,1001677005616443,2601000
2262,1001677010710309,2601000
2263,1001677015802814,2601000
2264,1001677020898865,2601000
2265,1001677025978787,2601000
2266,1001677031189228,2601000
2267,1001677036333696,2601000
2268,1001677041436395,2601000
2269,1001677046537965,2601000
2270,1001677051636637,2601000
2271,1001677056729346,2601000
2272,1001677061821406,2601000
2273,1001677066912318,2601000
2274,1001677072019490,2601000
2275,1001677077111939,2601000
2276,1001677082205584,2601000
2277,1001677087296894,2601000
2278,1001677092387047,2601000
2279,1001677097479024,2601000
2280,1001677102570353,2601000
2281,1001677107648701,2601000
2282,1001677113296153,2601000
2283,1001677118477937,2601000
2284,1001677123598117,2601000
2285,1001677128700261,2601000
2286,1001677133794247,2601000
2287,1001677138890772,2601000
2288,1001677143982304,2601000
2289,1001677149077828,2601000
2290,1001677154169499,2601000
2291,1001677159259653,2601000
2292,1001677164349556,2601000
2293,1001677169442958,2601000
2294,1001677174536714,2601000
2295,1001677179615237,2601000
2296,1001677184693093,2601000
2297,1001677189822738,2601000
2298,1001677196028508,2601000
2299,1001677201182197,2601000
2300,1001677206348814,2601000
2301,1001677211518218,2601000
2302,1001677216680196,2601000
2303,1001677221826228,2601000
2304,1001677227008196,2601000
2305,1001677232182702,2601000
2306,1001677237312393,2601000
2307,1001677242477360,2601000
2308,1001677247637208,2601000
2309,1001677252783964,2601000
2310,1001677257926709,2601000
2311,1001677263022733,2601000
2312,1001677268159813,2601000
2313,1001677273307577,2601000
2314,1001677278405851,2601000
2315,1001677283482791,2601000
2316,1001677288597963,2601000
2317,1001677293751403,2601000
2318,1001677298853640,2601000
2319,1001677303930718,2601000
2320,1001677309009436,2601000
2321,1001677314121636,2601000
2322,1001677320295932,2601000
2323,1001677325432429,2601000
2324,1001677330566822,2601000
2325,1001677335697143,2601000
2326,1001677340852101,2601000
2327,1001677345996764,2601000
2328,1001677351138686,2601000
2329,1001677356260376,2601000
2330,1001677361453113,2601000
2331,1001677366627350,2601000
2332,1001677371738465,2601000
2333,1001677376834257,2601000
2334,1001677381982799,2601000
2335,1001677391730760,2601000
2336,1001677396860866,2601000
2337,1001677401992492,2601000
2338,1001677407117497,2601000
2339,1001677412216215,2601000
2340,1001677417308775,2601000
2341,1001677422410771,2601000
2342,1001677427502840,2601000
2343,1001677432608410,2601000
2344,1001677437702396,2601000
2345,1001677442842372,2601000
2346,1001677447932850,2601000
2347,1001677453032716,2601000
2348,1001677458126786,2601000
2349,1001677463216762,2601000
2350,1001677468306165,2601000
2351,1001677473396485,2601000
2352,1001677478485702,2601000
2353,1001677483574262,2601000
2354,1001677488664119,2601000
2355,1001677493755957,2601000
2356,1001677498849952,2601000
2357,1001677503939679,2601000
2358,1001677509064869,2601000
2359,1001677514154837,2601000
2360,1001677519243305,2601000
2361,1001677524333161,2601000
2362,1001677529422730,2601000
2363,1001677534512958,2601000
2364,1001677539603962,2601000
2365,1001677544696727,2601000
2366,1001677549790990,2601000
2367,1001677554882606,2601000
2368,1001677559974287,2601000
2369,1001677565066902,2601000
2370,1001677570158564,2601000
2371,1001677575249468,2601000
2372,1001677580341268,2601000
2373,1001677585431533,2601000
2374,1001677590521556,2601000
2375,1001677595613801,2601000
2376,1001677600713751,2601000
2377,1001677605807246,2601000
2378,1001677610895483,2601000
2379,1001677615972987,2601000
2380,1001677621049492,2601000
2381,1001677626194692,2601000
2382,1001677631318409,2601000
2383,1001677636417535,2601000
2384,1001677641510355,2601000
2385,1001677646667147,2601000
2386,1001677651804115,2601000
2387,1001677656908167,2601000
2388,1001677662013949,2601000
2389,1001677667109816,2601000
2390,1001677672200950,2601000
2391,1001677677292075,2601000
2392,1001677682374275,2601000
2393,1001677687516381,2601000
2394,1001677692619461,2601000
2395,1001677697707012,2601000
2396,1001677702817942,2601000
2397,1001677707978716,2601000
2398,1001677713073184,2601000
2399,1001677718173967,2601000
2400,1001677723269860,2601000
2401,1001677728370996,2601000
2402,1001677733491074,2601000
2403,1001677738662024,2601000
2404,1001677743771612,2601000
2405,1001677748855053,2601000
2406,1001677753936641,2601000
2407,1001677759203582,2601000
2408,1001677764346550,2601000
2409,1001677769438518,2601000
2410,1001677774588532,2601000
2411,1001677779702963,2601000
2412,1001677784865283,2601000
2413,1001677789964732,2601000
2414,1001677795069821,2601000
2415,1001677800166113,2601000
2416,1001677805258952,2601000
2417,1001677810972515,2601000
2418,1001677816055936,2601000
2419,1001677821140283,2601000
2420,1001677826248270,2601000
2421,1001677831356043,2601000
2422,1001677836484253,2601000
2423,1001677841597424,2601000
2424,1001677846691883,2601000
2425,1001677851786036,2601000
2426,1001677856898040,2601000
2427,1001677864121695,2601000
2428,1001677869252533,2601000
2429,1001677874376075,2601000
2430,1001677879553756,2601000
2431,1001677884674196,2601000
2432,1001677889769821,2601000
2433,1001677894861577,2601000
2434,1001677899958424,2601000
2435,1001677905055568,2601000
2436,1001677910153527,2601000
2437,1001677915244948,2601000
2438,1001677920343204,2601000
2439,1001677925450495,2601000
2440,1001677930544742,2601000
2441,1001677935633478,2601000
2442,1001677940723501,2601000
2443,1001677945817043,2601000
2444,1001677950907381,2601000
2445,1001677955997608,2601000
2446,1001677961098382,2601000
2447,1001677966191312,2601000
2448,1001677971281661,2601000
2449,1001677976377600,2601000
2450,1001677981469031,2601000
2451,1001677986558601,2601000
2452,1001677991648124,2601000
2453,1001677996738416,2601000
2454,1001678001828190,2601000
2455,1001678006919111,2601000
2456,1001678012016626,2601000
2457,1001678017108232,2601000
2458,1001678022196274,2601000
2459,1001678027288752,2601000
2460,1001678032378867,2601000
2461,1001678037467085,2601000
2462,1001678042591220,2601000
2463,1001678047692373,2601000
2464,1001678052771656,2601000
2465,1001678057849216,2601000
2466,1001678062925888,2601000
2467,1001678068010041,2601000
2468,1001678073109324,2601000
2469,1001678078200689,2601000
2470,1001678083290482,2601000
2471,1001678088381579,2601000
2472,1001678093470972,2601000
2473,1001678098559441,2601000
2474,1001678103650094,2601000
2475,1001678108740117,2601000
2476,1001678113828511,2601000
2477,1001678118918802,2601000
2478,1001678124026660,2601000
2479,1001678129107970,2601000
2480,1001678134230752,2601000
2481,1001678139318663,2601000
2482,1001678144397289,2601000
2483,1001678149473368,2601000
2484,1001678154548465,2601000
2485,1001678159636720,2601000
2486,1001678164726891,2601000
2487,1001678169816701,2601000
2488,1001678174916317,2601000
2489,1001678180033998,2601000
2490,1001678185200271,2601000
2491,1001678190302424,2601000
2492,1001678195385689,2601000
2493,1001678200507739,2601000
2494,1001678205594828,2601000
2495,1001678210755536,2601000
2496,1001678215940921,2601000
2497,1001678222889758,2601000
2498,1001678228083652,2601000
2499,1001678233244880,2601000
2500,1001678238452570,2601000
2501,1001678243638936,2601000
2502,1001678248984757,2601000
2503,1001678254190827,2601000
2504,1001678259364054,2601000
2505,1001678264485420,2601000
2506,1001678269581138,2601000
2507,1001678274695569,2601000
2508,1001678279841277,2601000
2509,1001678284999588,2601000
2510,1001678290115981,2601000
2511,1001678295214301,2601000
2512,1001678300307019,2601000
2513,1001678306331907,2601000
2514,1001678311519838,2601000
2515,1001678316657880,2601000
2516,1001678321788625,2601000
2517,1001678326932723,2601000
2518,1001678332098562,2601000
2519,1001678337201696,2601000
2520,1001678342354830,2601000
2521,1001678347622678,2601000
2522,1001678352814202,2601000
2523,1001678357936124,2601000
2524,1001678363041026,2601000
2525,1001678368136818,2601000
2526,1001678373245157,2601000
2527,1001678378340939,2601000
2528,1001678383432305,2601000
2529,1001678388527866,2601000
2530,1001678393620037,2601000
2531,1001678398711421,2601000
2532,1001678403790112,2601000
2533,1001678408874413,2601000
2534,1001678414014371,2601000
2535,1001678419241367,2601000
2536,1001678424357474,2601000
2537,1001678429453748,2601000
2538,1001678434535891,2601000
2539,1001678439612674,2601000
2540,1001678444688243,2601000
2541,1001678449781147,2601000
2542,1001678454871725,2601000
2543,1001678459959046,2601000
2544,1001678465056504,2601000
2545,1001678470149712,2601000
2546,1001678475246013,2601000
2547,1001678480338398,2601000
2548,1001678485435199,2601000
2549,1001678490526657,2601000
2550,1001678495620949,2601000
2551,1001678500712306,2601000
2552,1001678505803330,2601000
2553,1001678510893649,2601000
2554,1001678515984701,2601000
2555,1001678521075298,2601000
2556,1001678526171210,2601000
2557,1001678531267382,2601000
2558,1001678536358461,2601000
2559,1001678541436641,2601000
2560,1001678546515312,2601000
2561,1001678551607614,2601000
2562,1001678556687082,2601000
2563,1001678561765836,2601000
2564,1001678566843128,2601000
2565,1001678571919680,2601000
2566,1001678576998388,2601000
2567,1001678582087744,2601000
2568,1001678587178278,2601000
2569,1001678592268764,2601000
2570,1001678597359907,2601000
2571,1001678602450162,2601000
2572,1001678607541945,2601000
2573,1001678612632033,2601000
2574,1001678617722973,2601000
2575,1001678622813765,2601000
2576,1001678627911437,2601000
2577,1001678633002812,2601000
2578,1001678638098308,2601000
2579,1001678643254488,2601000
2580,1001678648353031,2601000
2581,1001678653499961,2601000
2582,1001678664129843,2601000
2583,1001678669312599,2601000
2584,1001678674475808,2601000
2585,1001678679650628,2601000
2586,1001678685177514,2601000
2587,1001678690315242,2601000
2588,1001678696101139,2601000
2589,1001678701233764,2601000
2590,1001678706332315,2601000
2591,1001678711442764,2601000
2592,1001678716582437,2601000
2593,1001678721682062,2601000
2594,1001678726790298,2601000
2595,1001678731881775,2601000
2596,1001678736998160,2601000
2597,1001678742108489,2601000
2598,1001678747202966,2601000
2599,1001678752293146,2601000
2600,1001678757382845,2601000
2601,1001678762541276,2601000
2602,1001678767676826,2601000
2603,1001678772778702,2601000
2604,1001678777886364,2601000
2605,1001678782978795,2601000
2606,1001678788072476,2601000
2607,1001678793172619,2601000
2608,1001678798262030,2601000
2609,1001678803352517,2601000
2610,1001678808437661,2601000
2611,1001678813575509,2601000
2612,1001678818670078,2601000
2613,1001678824070001,2601000
2614,1001678829188746,2601000
2615,1001678834338796,2601000
2616,1001678839440691,2601000
2617,1001678844535436,2601000
2618,1001678849626820,2601000
2619,1001678854720186,2601000
2620,1001678859814015,2601000
2621,1001678864904899,2601000
2622,1001678869995135,2601000
2623,1001678875094019,2601000
2624,1001678880189440,2601000
2625,1001678885285722,2601000
2626,1001678890378182,2601000
2627,1001678895469241,2601000
2628,1001678900559792,2601000
2629,1001678905651223,2601000
2630,1001678910740635,2601000
2631,1001678915861724,2601000
2632,1001678920961858,2601000
2633,1001678926065186,2601000
2634,1001678931162681,2601000
2635,1001678936246094,2601000
2636,1001678941329209,2601000
2637,1001678946421862,2601000
2638,1001678951513108,2601000
2639,1001678956604427,2601000
2640,1001678961693256,2601000
2641,1001678966781983,2601000
2642,1001678971871682,2601000
2643,1001678976967714,2601000
2644,1001678982060311,2601000
2645,1001678987154057,2601000
2646,1001678992248145,2601000
2647,1001678997337566,2601000
2648,1001679002604627,2601000
2649,1001679007751263,2601000
2650,1001679012902250,2601000
2651,1001679018019847,2601000
2652,1001679023104777,2601000
2653,1001679028216745,2601000
2654,1001679033315352,2601000
2655,1001679038407218,2601000
2656,1001679043498131,2601000
2657,1001679048592098,2601000
2658,1001679053682723,2601000
2659,1001679058775746,2601000
2660,1001679063870650,2601000
2661,1001679068950432,2601000
2662,1001679074095483,2601000
2663,1001679080088243,2601000
2664,1001679085205109,2601000
2665,1001679090302651,2601000
2666,1001679095400165,2601000
2667,1001679100502873,2601000
2668,1001679105597083,2601000
2669,1001679110687031,2601000
2670,1001679115782092,2601000
2671,1001679120873513,2601000
2672,1001679125976204,2601000
2673,1001679131074523,2601000
2674,1001679136207732,2601000
2675,1001679141303431,2601000
2676,1001679146439890,2601000
2677,1001679151573451,2601000
2678,1001679156656094,2601000
2679,1001679162092360,2601000
2680,1001679167279578,2601000
2681,1001679172439324,2601000
2682,1001679178608603,2601000
2683,1001679183782367,2601000
2684,1001679188960937,2601000
2685,1001679194179767,2601000
2686,1001679199347994,2601000
2687,1001679204463480,2601000
2688,1001679209555994,2601000
2689,1001679214651824,2601000
2690,1001679219742615,2601000
2691,1001679224826472,2601000
2692,1001679229953811,2601000
2693,1001679235044167,2601000
2694,1001679240216441,2601000
2695,1001679245349094,2601000
2696,1001679250416071,2601000
2697,1001679255502076,2601000
2698,1001679260616886,2601000
2699,1001679265761521,2601000
2700,1001679270881702,2601000
2701,1001679275976642,2601000
2702,1001679281065332,2601000
2703,1001679286223726,2601000
2704,1001679291330055,2601000
2705,1001679296419689,2601000
2706,1001679301502852,2601000
2707,1001679306622680,2601000
2708,1001679311723222,2601000
2709,1001679316818700,2601000
2710,1001679321909732,2601000
2711,1001679326998376,2601000
2712,1001679332088436,2601000
2713,1001679337178607,2601000
2714,1001679342271861,2601000
2715,1001679347362478,2601000
2716,1001679352456548,2601000
2717,1001679357555163,2601000
2718,1001679362655474,2601000
2719,1001679367749636,2601000
2720,1001679372845159,2601000
2721,1001679377935766,2601000
2722,1001679383027937,2601000
2723,1001679388121072,2601000
2724,1001679393209762,2601000
2725,1001679398297748,2601000
2726,1001679403392235,2601000
2727,1001679408483045,2601000
2728,1001679413571105,2601000
2729,1001679418660073,2601000
2730,1001679423757855,2601000
2731,1001679428880120,2601000
2732,1001679433990662,2601000
2733,1001679439082490,2601000
2734,1001679444233283,2601000
2735,1001679449326741,2601000
2736,1001679454406042,2601000
2737,1001679459481463,2601000
2738,1001679464570459,2601000
2739,1001679469652834,2601000
2740,1001679474740552,2601000
2741,1001679479830242,2601000
2742,1001679484917431,2601000
2743,1001679489994954,2601000
2744,1001679495090719,2601000
2745,1001679500184881,2601000
2746,1001679505265116,2601000
2747,1001679510429974,2601000
2748,1001679515546459,2601000
2749,1001679521082318,2601000
2750,1001679526257110,2601000
2751,1001679531426883,2601000
2752,1001679536658620,2601000
2753,1001679544112107,2601000
2754,1001679549271048,2601000
2755,1001679554482044,2601000
2756,1001679559612965,2601000
2757,1001679564714423,2601000
2758,1001679569798984,2601000
2759,1001679574891516,2601000
2760,1001679579970354,2601000
2761,1001679585049238,2601000
2762,1001679590124677,2601000
2763,1001679595198885,2601000
2764,1001679600300002,2601000
2765,1001679605401719,2601000
2766,1001679610554391,2601000
2767,1001679615654182,2601000
2768,1001679620756918,2601000
2769,1001679625844006,2601000
2770,1001679630976215,2601000
2771,1001679636093895,2601000
2772,1001679641258308,2601000
2773,1001679646360303,2601000
2774,1001679651508548,2601000
2775,1001679656616302,2601000
2776,1001679661758761,2601000
2777,1001679666940295,2601000
2778,1001679672065466,2601000
2779,1001679677162322,2601000
2780,1001679682251530,2601000
2781,1001679687385285,2601000
2782,1001679692485669,2601000
2783,1001679697574025,2601000
2784,1001679702659401,2601000
2785,1001679707789980,2601000
2786,1001679712897956,2601000
2787,1001679717987452,2601000
2788,1001679723083494,2601000
2789,1001679728177053,2601000
2790,1001679733259919,2601000
2791,1001679738387897,2601000
2792,1001679743486827,2601000
2793,1001679748577767,2601000
2794,1001679753663253,2601000
2795,1001679758794110,2601000
2796,1001679763904735,2601000
2797,1001679768990490,2601000
2798,1001679774090477,2601000
2799,1001679779219333,2601000
2800,1001679784314338,2601000
2801,1001679789410352,2601000
2802,1001679794501866,2601000
2803,1001679799593630,2601000
2804,1001679804689764,2601000
2805,1001679809782250,2601000
2806,1001679814872700,2601000
2807,1001679819962270,2601000
2808,1001679825058423,2601000
2809,1001679830148677,2601000
2810,1001679835238229,2601000
2811,1001679840332650,2601000
2812,1001679845422784,2601000
2813,1001679850512993,2601000
2814,1001679855606803,2601000
2815,1001679860698234,2601000
2816,1001679865789915,2601000
2817,1001679870880808,2601000
2818,1001679875971294,2601000
2819,1001679881061661,2601000
2820,1001679886151601,2601000
2821,1001679891245420,2601000
2822,1001679896334045,2601000
2823,1001679901423957,2601000
2824,1001679906515129,2601000
2825,1001679911603430,2601000
2826,1001679916692749,2601000
2827,1001679921793402,2601000
2828,1001679926883954,2601000
2829,1001679931976116,2601000
2830,1001679937066639,2601000
2831,1001679942156468,2601000
2832,1001679947245546,2601000
2833,1001679952335357,2601000
2834,1001679957425408,2601000
2835,1001679962513246,2601000
2836,1001679967604343,2601000
2837,1001679972701284,2601000
2838,1001679977791446,2601000
2839,1001679982879858,2601000
2840,1001679987969890,2601000
2841,1001679993115396,2601000
2842,1001679998221123,2601000
2843,1001680003302553,2601000
2844,1001680008392854,2601000
2845,1001680013475684,2601000
2846,1001680018552947,2601000
2847,1001680023628406,2601000
2848,1001680028716040,2601000
2849,1001680033805813,2601000
2850,1001680038900031,2601000
2851,1001680043995332,2601000
2852,1001680049095596,2601000
2853,1001680054187175,2601000
2854,1001680059276986,2601000
2855,1001680064372426,2601000
2856,1001680069464800,2601000
2857,1001680074556148,2601000
2858,1001680079635828,2601000
2859,1001680084779547,2601000
2860,1001680092073728,2601000
2861,1001680097202983,2601000
2862,1001680102360007,2601000
2863,1001680107536392,2601000
2864,1001680112649331,2601000
2865,1001680117748586,2601000
2866,1001680122839878,2601000
2867,1001680128034503,2601000
2868,1001680133155313,2601000
2869,1001680138253957,2601000
2870,1001680143344406,2601000
2871,1001680148444013,2601000
2872,1001680153598453,2601000
2873,1001680158781022,2601000
2874,1001680163913407,2601000
2875,1001680169064078,2601000
2876,1001680174203139,2601000
2877,1001680179301384,2601000
2878,1001680184379703,2601000
2879,1001680189458105,2601000
2880,1001680194538463,2601000
2881,1001680199611541,2601000
2882,1001680204740323,2601000
2883,1001680209833152,2601000
2884,1001680214907657,2601000
2885,1001680220022457,2601000
2886,1001680225145110,2601000
2887,1001680230290551,2601000
2888,1001680236076336,2601000
2889,1001680241203452,2601000
2890,1001680246379660,2601000
2891,1001680251566573,2601000
2892,1001680256697586,2601000
2893,1001680261798748,2601000
2894,1001680266893605,2601000
2895,1001680271992749,2601000
2896,1001680277096679,2601000
2897,1001680282190581,2601000
2898,1001680287286300,2601000
2899,1001680292377258,2601000
2900,1001680297470299,2601000
2901,1001680302588720,2601000
2902,1001680307691280,2601000
2903,1001680312782053,2601000
2904,1001680317903873,2601000
2905,1001680323011850,2601000
2906,1001680328104808,2601000
2907,1001680333194747,2601000
2908,1001680338285929,2601000
2909,1001680343374822,2601000
2910,1001680348463067,2601000
2911,1001680353552932,2601000
2912,1001680358644122,2601000
2913,1001680363732487,2601000
2914,1001680368825095,2601000
2915,1001680373915053,2601000
2916,1001680379003437,2601000
2917,1001680384092025,2601000
2918,1001680389181715,2601000
2919,1001680394270108,2601000
2920,1001680399359854,2601000
2921,1001680404450692,2601000
2922,1001680409539040,2601000
2923,1001680414630554,2601000
2924,1001680419719104,2601000
2925,1001680424823007,2601000
2926,1001680429915030,2601000
2927,1001680435006877,2601000
2928,1001680440096363,2601000
2929,1001680445184258,2601000
2930,1001680450272207,2601000
2931,1001680455361619,2601000
2932,1001680460452827,2601000
2933,1001680465549433,2601000
2934,1001680470641680,2601000
2935,1001680475729629,2601000
2936,1001680480817957,2601000
2937,1001680485905832,2601000
2938,1001680490998004,2601000
2939,1001680496086499,2601000
2940,1001680501177264,2601000
2941,1001680506268352,2601000
2942,1001680511356671,2601000
2943,1001680516447638,2601000
2944,1001680521538532,2601000
2945,1001680526626268,2601000
2946,1001680531717189,2601000
2947,1001680536810629,2601000
2948,1001680541890310,2601000
2949,1001680546987741,2601000
2950,1001680552094958,2601000
2951,1001680557255390,2601000
2952,1001680562354709,2601000
2953,1001680567439084,2601000
2954,1001680572524829,2601000
2955,1001680577675427,2601000
2956,1001680582778793,2601000
2957,1001680587876177,2601000
2958,1001680593001386,2601000
2959,1001680598118808,2601000
2960,1001680603437406,2601000
2961,1001680612103871,2601000
2962,1001680617237579,2601000
2963,1001680622385298,2601000
2964,1001680627551571,2601000
2965,1001680632661123,2601000
2966,1001680637745266,2601000
2967,1001680642835363,2601000
2968,1001680647965951,2601000
2969,1001680653133633,2601000
2970,1001680658243341,2601000
2971,1001680663330725,2601000
2972,1001680668828334,2601000
2973,1001680673994940,2601000
2974,1001680679115501,2601000
2975,1001680684209997,2601000
2976,1001680689343770,2601000
2977,1001680694527896,2601000
2978,1001680699690984,2601000
2979,1001680704804017,2601000
2980,1001680709888355,2601000
2981,1001680714966822,2601000
2982,1001680720062530,2601000
2983,1001680725165146,2601000
2984,1001680730261809,2601000
2985,1001680735353480,2601000
2986,1001680740447513,2601000
2987,1001680745537545,2601000
2988,1001680750628985,2601000
2989,1001680755718999,2601000
2990,1001680760796772,2601000
2991,1001680765915361,2601000
2992,1001680771035717,2601000
2993,1001680776160249,2601000
2994,1001680781267496,2601000
2995,1001680786356102,2601000
2996,1001680791445227,2601000
2997,1001680796541194,2601000
2998,1001680801634032,2601000
2999,1001680806726324,2601000
3000,1001680811834154,2601000
3001,1001680817001593,2601000
3002,1001680822120626,2601000
3003,1001680827223974,2601000
3004,1001680832322728,2601000
3005,1001680837414103,2601000
3006,1001680842502923,2601000
3007,1001680847591816,2601000
3008,1001680852682839,2601000
3009,1001680857779243,2601000
3010,1001680862871044,2601000
3011,1001680867961048,2601000
3012,1001680873050923,2601000
3013,1001680878142538,2601000
3014,1001680883232431,2601000
3015,1001680888325380,2601000
3016,1001680893416487,2601000
3017,1001680898508483,2601000
3018,1001680903597311,2601000
3019,1001680908689510,2601000
3020,1001680913780662,2601000
3021,1001680918869037,2601000
3022,1001680923967356,2601000
3023,1001680929058380,2601000
3024,1001680934148421,2601000
3025,1001680939238898,2601000
3026,1001680944330189,2601000
3027,1001680949417370,2601000
3028,1001680954507355,2601000
3029,1001680959595564,2601000
3030,1001680964688810,2601000
3031,1001680969776388,2601000
3032,1001680974866466,2601000
3033,1001680979954665,2601000
3034,1001680985042660,2601000
3035,1001680990133369,2601000
3036,1001680995224522,2601000
3037,1001681000314841,2601000
3038,1001681005405382,2601000
3039,1001681010494905,2601000
3040,1001681015583595,2601000
3041,1001681020705544,2601000
3042,1001681025787447,2601000
3043,1001681030867109,2601000
3044,1001681035955669,2601000
3045,1001681041047201,2601000
3046,1001681046142103,2601000
3047,1001681051288914,2601000
3048,1001681056420604,2601000
3049,1001681061549765,2601000
3050,1001681066705799,2601000
3051,1001681071805460,2601000
3052,1001681076886474,2601000
3053,1001681082049044,2601000
3054,1001681087202410,2601000
3055,1001681092297525,2601000
3056,1001681097382455,2601000
3057,1001681102476469,2601000
3058,1001681107577501,2601000
3059,1001681112676682,2601000
3060,1001681117768854,2601000
3061,1001681122855534,2601000
3062,1001681127989650,2601000
3063,1001681133092581,2601000
3064,1001681138222567,2601000
3065,1001681143308016,2601000
3066,1001681148462337,2601000
3067,1001681153556332,2601000
3068,1001681158659559,2601000
3069,1001681163760952,2601000
3070,1001681168903865,2601000
3071,1001681173993379,2601000
3072,1001681179067208,2601000
3073,1001681184140444,2601000
3074,1001681189214059,2601000
3075,1001681194291379,2601000
3076,1001681199364124,2601000
3077,1001681204449601,2601000
3078,1001681209603190,2601000
3079,1001681214753991,2601000
3080,1001681219929255,2601000
3081,1001681225077121,2601000
3082,1001681230183996,2601000
3083,1001681235295093,2601000
3084,1001681240395145,2601000
3085,1001681245490335,2601000
3086,1001681250588487,2601000
3087,1001681255729436,2601000
3088,1001681261144647,2601000
3089,1001681267126203,2601000
3090,1001681272287763,2601000
3091,1001681277434415,2601000
3092,1001681282576569,2601000
3093,1001681287684092,2601000
3094,1001681292786995,2601000
3095,1001681297894194,2601000
3096,1001681302993402,2601000
3097,1001681308037990,2601000
3098,1001681313128837,2601000
3099,1001681318223916,2601000
3100,1001681323315189,2601000
3101,1001681328414490,2601000
3102,1001681333494513,2601000
3103,1001681338591407,2601000
3104,1001681343677736,2601000
3105,1001681348758287,2601000
3106,1001681353834088,2601000
3107,1001681358910842,2601000
3108,1001681363986476,2601000
3109,1001681369051823,2601000
3110,1001681374149504,2601000
3111,1001681379242731,2601000
